initial_velocity,launch_angle,landing_distance
21.854305348131312,76.55000144869413,16.48491845403207
37.93972738151323,51.90609389379256,72.91913985336699
12.020838819909644,20.919616423534187,9.256703262477574
7.613762547568976,70.63233020424546,3.5420226089820313
32.0501755284444,59.56508044572318,53.24623305267374
5.92630224331111,77.8936896513396,1.4306009639276314
42.45991883601898,24.86373774747933,79.23661647767888
13.182123524319527,22.83831568974037,11.745538554642316
18.690900933179197,46.73295021425665,28.5321615200835
24.43752583889521,30.386039813862933,40.21459444433811
32.53338026250708,19.76457024564293,49.28521657863412
18.146509184084817,35.645329030558415,26.439805014105712
25.523149289766618,64.96231729751095,34.66843848386579
13.985320197126189,45.996410688952814,17.482254670634305
31.65865559879191,13.25152889039984,36.07520977283361
32.339518335564726,21.936688658110405,51.89178458688708
7.927321684337578,76.42198760773333,2.7937930535887308
48.45344148835517,66.58781436815228,69.02698896397567
18.70761961280168,16.83704798044687,17.670625405428
35.79048619304706,40.81067456177209,72.58339073854893
10.491720568015047,44.66238370778891,10.398433473011098
6.547483450184828,73.65242814551475,2.2867722462249733
16.645099172000762,56.37655990477874,21.582689214495954
19.026998424023493,46.40476148244676,29.39408284471735
29.601962570447583,22.93981188678689,46.724367524157046
48.63130824940514,64.25929763527802,74.26075340637797
47.27745237038851,72.63791452993541,53.04683701847136
31.905499046498832,74.53119645161817,31.46248948452738
8.982162592336378,23.718800369340165,5.832273661492305
7.035228000974213,32.7731231534285,4.45707882461089
22.49047803602669,28.994432224172712,34.54679609483488
42.29318791183682,34.97273286855125,87.10330510061235
17.642052935932135,47.988725821077395,25.81152352905597
11.341590123864318,66.15378865278278,8.83427548403688
8.354778965589688,79.08208556203621,2.51927314206276
39.751014618349586,23.91009770739207,71.77942998359826
5.248495270562108,67.0822999918384,1.9718430618132048
36.80858047314277,61.030501762869115,60.72257538318346
39.70716560086756,15.183125621386324,55.837514465987624
21.130957784492267,18.11083416675908,23.172744644058838
43.83965416440171,53.63086887792905,83.1911773557495
19.890411118369215,14.449084520021653,17.45425149496129
18.9942044772048,32.76283254187229,27.679638827083867
37.83227802521289,54.62902299486492,70.23828983027026
44.924573415934695,43.055044761336454,93.09970267271072
10.381741067223576,59.92713510560965,8.803583736069475
39.23532718776038,49.28940382986474,77.66944542415335
39.69352309795524,44.56569174550735,81.10494337309127
28.522977322189732,39.927871285098476,54.12821155992055
6.143860703484283,17.552399889531312,2.1803773217732614
6.414313355903041,54.54872878846463,3.8420624696595893
19.1460191484347,45.599948381529195,29.768388587816364
45.84049132667418,27.450456040421248,89.90343396973897
23.46723153660334,62.88857969801341,32.51419759645861
15.29591744712301,15.38859368801551,11.359227348952796
18.038815381119562,21.28549010778031,19.746190769513706
46.83639435541579,66.56842656950919,66.94284451734276
33.503169042969056,71.00224131314025,39.774474407128096
41.165243460460154,23.05990412202251,73.80812338430985
45.165154932049,47.75395693409555,91.16219807996316
41.334806982382815,72.72639099464453,46.340671694904614
19.310156373733875,17.703634716937373,19.44295443963427
15.257082314387375,39.89754520383794,20.220166688072723
41.81066446651219,70.25114082794404,52.40716832069192
5.312845873903582,45.7523111804296,2.816040958287854
23.783495141695056,25.54754673295112,35.37269598024146
10.393941530015727,33.63306199825396,9.530181233284846
47.43093667606336,32.62420524145287,97.55905448486212
28.345577978451473,59.211327122662446,45.844641492401756
21.363332107068228,78.02474579046725,14.312791738647666
48.310128272395005,27.62476070777549,95.47620126346041
27.376182765157346,31.061481687173877,48.105062460169236
17.81782224698604,12.582086314817296,12.706800371416772
32.43039502909536,45.1875316260203,63.712074090767544
7.316543806249521,29.5052524965628,4.541882423822496
45.87196486849942,26.76933234668807,89.21231057311164
11.52026924410504,44.26169321942941,12.36047373220293
49.35427043497703,26.94386900580503,96.9711411929101
35.246099633264535,63.31337307301023,54.720385546486476
15.693689479657985,60.97514440283017,17.975815449153366
21.550240972366396,54.26140814155056,33.576421562158885
33.50883698424026,47.50422788523309,65.55619870033111
9.063039652448374,68.47117469124666,5.379997185694203
19.435102923728113,23.0562957279898,23.754746057242663
6.834881369964377,51.36250602317693,4.4866662343705555
35.49039628290271,11.16114802494993,38.08847783458459
28.044187623467643,25.85470426385566,45.94549988712729
34.032775568425244,22.205650030349403,56.18181821186397
36.09219821461097,37.07147424103762,72.9359598804008
47.152849493153056,19.626466090219527,80.91756694373747
20.347985797261632,17.943146486841236,21.548858085657045
46.61121282253532,71.41375473666866,55.43254371391769
16.607373247182004,56.19888322239253,21.563862414156915
41.77499900905471,48.864056811962364,83.38983448382785
28.83427602602029,26.92966036303162,48.83260304039094
9.189624551265464,72.80510305673288,4.574424299129718
45.51881257234987,54.31710200912875,85.534577999596
20.25634059719153,34.44467022288626,31.349615308621825
37.668005549160775,72.79771819668039,41.84090009708998
44.91888909193028,64.59128821003367,68.29920648954592
33.891424076942954,15.88979754965342,45.589863093115895
12.27329213425762,72.89879319689555,7.768016101781918
32.289307684681546,10.643793613164075,31.51072869926625
9.566219428971444,56.445123837563905,8.031499102876497
5.227771273079841,21.256563599224904,1.8595278623284601
29.693020521496376,58.43266383848853,49.430790835574655
34.338256677617025,25.698851662239186,61.1648777647788
37.04806496063912,26.607436124776005,68.66372829209715
19.642986417167048,62.25439835826169,25.216719601371175
34.23348045712466,69.44563873459245,43.49489190403725
34.592580153515456,49.781602233483014,66.95782205449312
9.215364552264163,35.74010621416035,7.786958981200832
16.934106545677643,27.07927503653585,20.67321066367475
48.785474963860054,37.51684072667323,101.99013179865982
45.1420949829701,54.1797038198084,85.00612008189813
40.76650865937418,45.184596517363445,83.27321659108894
30.96067480818616,44.47623856732047,60.20437689848899
13.785934450912002,60.57164806830537,14.497314825330267
17.63475630983851,11.70211765020177,11.696778463405842
34.046253315822554,22.39774755849343,56.48370150452108
47.320636295881144,76.77500039018112,41.81875704266375
46.16889755992018,35.9111090178811,96.11670074354177
5.695547743799034,74.98229938114078,1.616032773484998
24.268286674279146,77.66583733305687,17.78592263363109
48.36289896901638,69.71066188271521,61.611940061660064
18.250200143131355,36.956841002134766,26.97535562125901
43.30115021825856,32.18454036093944,88.08412811234273
12.627173600874162,48.97608837208451,14.413050113336721
47.12696483723514,58.72208576724811,82.13027334323831
30.652752654021423,16.8023545639538,40.57766288217497
32.67532520146264,79.30376950729843,23.166421028835877
11.30378068564358,46.283075665461574,11.909658063709825
44.48178823675799,61.853803242794314,72.63654318621802
36.36570834478706,59.17388587909765,62.268411635538136
21.177101804888984,30.551429098514536,32.12456738404189
41.421251996533115,66.70793762754266,59.09420916555479
44.01825433610467,73.92683867895299,46.392403485311995
28.010407948742202,45.10614062810397,52.5944847634426
40.92328305350488,55.49747515444356,75.47986961185927
36.588509476596656,65.70548686052707,53.38866914515333
45.05024038179048,33.65966097960751,92.83308804888198
21.901232868797482,16.57873578886083,23.0712882882664
31.022606344827828,12.515959165771946,33.432974420586845
25.95191081596071,47.985124429530366,46.689620315386804
17.8943563457728,51.358328239830755,25.8200975269863
6.372511247257224,12.61437321244501,1.7396851878659034
42.01702522968462,35.21334489878841,86.55522028366462
10.717723069334816,46.5570282038363,10.787967187668768
39.64970988943749,25.10747192477902,73.09062467577921
33.03007141185501,15.974322549563759,43.99108346023511
7.325677452587346,47.19482420977036,5.24645896807852
29.328580472454792,54.62009310487446,51.677953710813334
37.67411001751977,78.30964556237743,29.674649309390574
28.23351567355379,32.606953105887214,51.16536633393092
40.78337876459167,28.958257588345194,79.8285164397971
24.753713931753623,15.491946693958617,27.015169753077778
6.1407834536955885,77.38538902745475,1.5942374123234568
42.61910542304926,58.71819442655886,74.46049576146994
23.402882498642146,22.130602404959205,31.629045331149836
12.039666920198872,27.517002871521672,11.250116830876037
29.71519991177542,60.02171458900436,47.97257667048195
34.70888195229791,29.595372786216,65.69371875187822
47.96893762984374,61.652784168703796,78.40366064986213
29.945932363013032,52.820452236404655,54.30294452533495
23.882002809250547,27.34116926508102,36.922804371200506
21.01877053930677,63.04922773250584,27.470892274429183
5.647706988339014,18.125084835484138,1.899362444999715
7.070118890978874,12.851016162327909,2.17694702395446
43.495726280495326,59.25605015660166,75.19871555461413
26.337822308929635,16.848391245570102,31.883494021788906
27.122714380257456,43.143023954639595,50.53562216226917
12.794084145950684,40.369615446658116,14.823771861514823
22.932713047881805,53.109506863655156,37.37242243660447
33.579214289043975,13.171280684043117,39.422622337332314
21.857567658191204,53.810194099996544,34.50045579278844
27.641131636103946,69.95428888318256,32.58422263744352
34.64121342285253,21.40540989570008,56.47955954285885
8.175593633019343,54.96934947444209,6.090691165861485
6.193008974372981,51.00429068914243,3.714349085995514
47.31036086412309,50.28319245131153,93.26391893516319
22.467646679293487,55.03017529096472,35.401225916080826
25.62138007211825,48.193175252115445,45.7918407007894
47.36591639494363,37.027184646054195,98.92548565988434
48.25357537207614,73.37454493692447,52.08573669114076
13.81060106551834,14.855291061261582,9.099136347151505
9.535010061984199,11.27552779560848,3.478591889055165
9.249933234016778,57.81047413914498,7.380073909244805
8.203489180710305,32.32829412056329,5.95947783835369
43.019388993625455,11.629035501507811,52.54286812760045
41.65108171650211,29.729834234137996,82.52295383148467
10.317417242974532,58.77160157549054,8.89527233105324
33.302428105094776,71.4230409468937,38.76088249307306
38.07819697117486,66.24366512693939,54.87736599212487
17.69155576570879,22.4207680645806,19.784301029772152
38.77766382383862,66.47843174870849,55.55201251346868
49.5727313900303,38.88323738379985,103.64068351974481
21.740813860675242,64.34890725193978,27.94096496370509
20.336159311385803,75.15301279224953,16.134771507109207
43.62857383293553,40.02958191625129,90.89311389969876
38.78919805061738,62.81800118592776,61.653645233910716
9.640574097616968,73.17870346756968,4.9086063461855804
27.736356760153573,67.85202262754191,35.43302406233196
19.402232046377527,72.68662599473403,17.144976170821383
22.51407554303734,10.758635603620885,17.025993734239186
45.74218893886687,16.39006737502935,70.8437832985404
19.36911369156867,76.50433769355635,13.706481858845654
47.77732161219002,50.14065216863003,94.28159204536595
33.43267454764097,41.39118653848239,66.74479420314094
18.194484726412902,33.006518175894115,25.829598053468036
35.26333052346673,62.6662170606376,55.65295735658881
40.621056967663186,65.27326999561878,60.544747856921475
9.104274637191066,44.609421329180705,7.9743728701692564
7.590144200748993,48.46702176266149,5.590273738747119
24.868872561801965,72.13929279308098,25.59144829962179
20.79117556484354,18.19469114993241,22.602634823859347
11.434625692377614,63.305744220223055,9.730579888534761
32.81981284923175,17.07858732859532,45.55213775798224
8.784806275174883,59.0678392021384,6.5492975823209205
8.274335286388709,67.53020415032493,4.685249183570837
36.780900222042334,15.694414644932984,51.07861244008171
8.817697133833637,79.06477049508229,2.7951562776363987
21.842185809025416,35.944950294682364,35.826540280038394
41.575980526587614,76.30740041687011,38.04442906360564
49.37004787202919,62.736472968125916,78.3872754962553
21.93168134889121,15.845050168906813,22.325734652788764
39.97161121673466,49.08829748150635,79.38849771463556
24.08999041611393,73.44480695663151,22.9122824933344
10.00388670377681,44.48375730036014,9.517808855164681
5.510914014533858,42.80624493958884,3.021313334674375
7.5336474056826805,18.317254138765037,3.3794354463228213
10.288681104969719,55.44472114812445,9.326198093680816
38.57201956694405,50.83581355680117,75.12246264020553
48.29776468135439,36.24094056665928,100.76822560479727
17.857043882683733,70.80193897326222,16.372969104966437
15.061812733375369,77.4255777608428,8.453009006907513
5.546951361041735,77.89151786953474,1.2572673164605455
6.9421960377759255,72.38001795886498,2.7355213037142807
28.746549908883495,79.50753572835103,19.338935936647015
8.320845413092949,48.76979990809245,6.6534442541201475
48.61861410285945,46.61684909191042,98.80162603490157
33.32293871608681,58.702408228923204,56.757359956420835
25.454347914549796,53.92906560588444,43.038147767394356
31.29414403653951,73.08106073436923,33.20398240612345
7.045087115365604,29.667423271456123,4.228918051302101
47.76851678344514,72.31846487236413,54.38426953747297
25.504553875357082,53.40928184610757,43.427034762975175
17.48215323415097,23.168481180663292,19.816510880992084
25.8664282222992,34.7346559618237,45.92254249135467
31.264525033289242,15.441424587548939,39.472952404889114
48.847766344977494,79.0347521135722,36.26528875250345
36.417277130888536,47.52674564408843,72.37179748175815
18.92874273288475,66.96565137948642,20.81095122960285
35.812902764924566,21.38318575414239,59.13273575637086
45.99172330222291,67.57760700462183,63.63221767056547
47.740996098136584,60.8003655871852,79.5968910483232
32.60368381711054,39.27701254034332,64.57699048595734
46.972781750930594,70.62447226502859,57.78292263240379
7.034840154778523,11.845688214807641,1.998855571786869
21.940851509512232,66.7387331547283,26.36493407902192
49.4274258191725,20.529182377246972,87.40903288537042
31.73588219084608,36.66235996417151,61.843416962144445
48.646147901657145,68.9483246194996,63.79359795906408
42.724791712001206,42.80852118564792,88.41554753216957
23.666877605194934,29.138495035149436,37.54978349359715
7.536897349291721,70.53056633785373,3.489332108761342
41.58054541085349,79.98023713002914,28.549893056235184
49.84865766832574,48.88021939218392,99.32442000552508
39.60443368312297,76.13360109176996,36.57916535493042
43.23413258048352,27.314367122023835,83.88501194177105
25.27448608895421,19.04115906060465,32.46540969723464
47.93229622664251,52.432224411561606,92.15922561086397
15.288926247655823,57.01904790840997,18.513318330832867
32.81577082060531,35.071390262298834,64.07839367050195
10.110091648983307,57.01012369149597,8.828408486254624
28.413846540670697,64.06228742149474,41.123008306708414
28.407357550039702,69.65270502229781,34.20096874406613
29.83580774485185,49.265658007477036,55.9222726717458
44.44941211962553,38.243800634867796,92.70652783363882
11.030685280278833,12.014787341933728,4.894564022686332
38.98117650531285,53.42166859474253,73.77758955777821
36.68358956446506,24.90749130562375,65.87419938683952
11.13671640140464,11.018126596751735,4.602090152230303
20.776440146296864,51.29423807982432,32.77487517347211
22.650982029487956,40.62324454166104,38.77540682716809
45.68714125221868,34.37788269163103,94.55432320660103
28.129527012191485,64.85571089188002,39.697842132866356
22.844425204457156,53.54606901595115,36.977733646203745
43.80636689360353,76.46644365603495,39.66912861232816
11.618306641806708,74.86113376130461,6.312468108379081
27.14523318857922,28.077107180927083,45.53815205746973
25.661109030721757,78.6022802699834,17.900721103942967
27.16781422967913,33.012612720125574,48.594387893429946
33.50303844425266,26.810193314473516,60.26117864394568
8.413849764889877,19.021580533745446,4.32665692893111
10.762062753099759,20.633188545860605,7.422206779387264
11.247222769223455,54.86123213622502,11.073037796807718
13.184603797961516,34.19670983267042,14.891416547337199
45.35547844577053,43.177314818401065,93.98137974996044
35.04009823344622,22.06239098411409,58.32520617967629
13.653005846390185,12.86080313865352,7.843422998788965
12.602077838247403,29.501323732237104,12.755823410830914
12.965471792453606,16.20917736299389,8.69302718922581
10.428614199527036,42.254513762290806,10.255270962179834
14.285017328260663,35.498890273365284,17.448369852308378
27.65377718846856,58.32763800405557,45.10670966994704
6.769046292849453,65.95872792363298,3.3565643871486994
33.255517527090845,15.723132236421034,43.98845109398782
44.31103808480498,74.46106803722692,45.340763634095204
7.748508193468869,29.38143537030426,5.060922013758192
41.279057590687756,62.37817832685609,66.54576568928034
13.30344587103698,24.654452633569722,12.605780864025308
21.67124462561219,43.916608963371495,36.302303816672485
32.82146471886332,35.82395476988407,64.36596984226678
25.814062225991655,62.32296566936296,37.75923990433406
6.650744130076905,27.67058610408145,3.618372422493539
37.10073136480486,72.66447863810396,41.415889658814194
28.025484895204976,47.247943968572095,52.1465724856835
9.822740510289922,41.318865677641824,9.143747818422433
28.967776990476043,26.972935254431075,49.206110158524226
17.115945392722143,36.409891417323585,24.106383921173986
5.903203899997687,32.54554159082248,3.1510867240208404
14.51516031484451,32.924814652454025,17.419718415910804
10.389295931866304,72.33690965179264,5.888491069396737
31.71166040993219,57.53716234011427,54.57206256112632
40.51270573733022,44.89095392503401,82.81949179551181
8.911412963934065,47.59745792729834,7.613142063621512
31.407850310939562,62.1807631929031,49.03694748616426
24.42467958033557,18.93062119568946,30.568887205713807
17.769915760942602,35.41576074790446,25.464366108967475
34.06627585992206,49.95448132682383,65.64727718513758
21.024352665403082,79.05606741550858,12.840167256976082
32.25986687105993,26.605875421519613,57.01659911064877
9.580211267918168,20.70013974290324,5.952745577646228
16.068097777302867,21.247696128168897,16.03551770939316
13.39551608230876,29.956661808569297,14.38428277299049
12.801811788263967,72.77357972384976,8.430831889438869
8.6105185547739,46.71579726991783,7.153646348787592
23.467857214534767,78.76650318360245,15.530671211680962
10.041750597562356,37.84989193320192,9.336503339674872
48.6261694973916,70.58549881257862,59.741154449414466
41.7682431927176,28.05319789314579,81.27459739431711
12.689941432552962,56.80502539471017,13.406170320968924
46.82191951074136,48.973402510975085,93.5023785153775
30.722571026145495,29.59853655621989,55.70012887615232
39.62718199363716,23.093062399026635,70.35986812502074
19.565565638190968,39.780550703149174,30.713992733794512
27.842467040800475,26.968681269055615,46.40681484395415
10.167657113264159,52.74340297091428,9.419463581485559
17.98837489581151,50.68667549958286,26.190685150380318
11.946322187339103,43.67980712983722,13.20403940364236
28.966524464821365,13.627647577569883,31.883301388535163
20.147192518726428,19.409027385728198,22.439383396943573
7.851873671274548,79.29721626729616,2.1959117634273784
19.505923023862536,66.69121120982444,22.022150515685567
16.458829464369373,57.705190555675046,20.743585927962656
39.210253695035895,51.6947118425491,75.79445509951998
26.220928484757128,38.8288639903088,47.94302626913353
20.69907199443479,75.06704009734781,16.668254544539
42.377873350447814,77.55188374665588,35.583205058321546
10.593375056849514,61.1607232642551,8.899691099899373
47.225320556946706,22.68631463159621,86.5949523866283
7.992332031504987,61.878445450304135,5.159864246134103
30.851290093096036,68.92801437307904,39.11115069689365
11.289756948183028,65.66871183019231,8.89580902646576
14.073229402148504,21.455916000599316,12.671866263335662
12.391960906894681,67.02023041619674,10.085771732492466
34.933874931329,46.614579733838355,69.3013794435788
21.147371785557613,71.40403785691758,20.84228371706986
22.66002983401859,67.1619607630104,27.281756420555507
24.76107088565983,36.38611005974353,43.562599899815076
25.82059035513229,31.096451191489944,44.13173084139191
38.6424221079313,45.19042730647354,78.48266795864404
15.44957128160678,72.9702201292198,11.603091149863603
22.275104961794515,48.0487002779792,37.332233088507024
45.79124499340461,53.69665971397944,86.77512717324684
10.260411831876382,75.78824865294325,4.7412251447652105
33.2468623882138,33.44339302599603,64.46290494264753
11.267243269852425,65.58176324892071,8.883780700087254
32.90327401678311,47.34227643834251,64.16883243615746
45.225166237293095,65.20180478571714,67.54592915340224
11.825369587973803,31.820544745688377,11.800350205082083
16.18201129165096,62.076240480087385,18.465519490166965
6.508959563110072,49.89227794099216,4.123920552010355
39.31064085833108,71.37359457332246,46.848419756087836
20.393678692215836,67.48801132704091,22.994883346288532
9.978428162984326,69.25166042141628,6.2562967743064295
10.73698980493921,37.81011033922571,10.58485359266568
40.878291460079915,20.494219914414167,69.07183323217153
15.316312785468867,60.55767978751464,17.39844714972723
37.401644144573346,54.88033430197081,69.10037903483176
36.2276800010195,47.99071103433173,71.70199054329566
16.330957650812874,34.19871954527436,21.764732419462934
13.171897256064154,73.59153929335397,8.503400869017293
31.25263076447542,38.05959917345479,60.9410824897047
25.79026116398597,76.30983377282708,21.328612755508484
11.900813140223608,51.036088241175804,12.772181172290288
27.76499054980097,52.801796480425345,49.1621217905689
5.814958271937823,71.0486736260906,2.0636628020684995
46.94532271176256,49.55932285124462,93.23649184410614
36.34928707446015,74.5749566824107,36.598564439652904
36.82573854410293,20.677733003998295,60.342345932940006
30.93297620750659,52.470053246799914,56.82538311833015
24.08588020860737,61.5510964937306,34.858280977202945
47.04651566460567,74.78979590347434,47.108332938465736
25.287771713185943,17.92666320885287,31.170877215837702
49.317853953305054,68.72286605121539,65.1325892470639
10.609820654147008,74.45893178321606,5.4698674683335655
44.145336292795776,46.318663998825045,89.98724878263363
31.607394608521815,37.93018927090912,61.825909548505244
7.4642737469914096,33.46380691521307,5.048529872174949
41.12840518691051,10.3242416103222,45.211085227003366
20.007462726101487,37.87180855136603,31.552285935954497
29.18280213220653,74.38989314889324,28.328852705835086
20.585569746468256,34.28672413273594,32.12730503412724
38.18755616493868,41.6552558622865,78.28443896540763
15.107217032299188,41.67076612928854,19.99955987521213
11.338565917090992,22.34708905543563,8.71659045256123
27.426549773276587,39.32478146531835,51.192800068999404
46.168065548064504,35.367572938164315,95.95512420713463
31.126475762511955,54.25850015436713,56.03832925631652
5.5892505464750135,56.44761604116974,2.8638399470860065
13.011618509138815,77.27492222286186,6.610027773670796
11.689822748890084,39.023688660891665,12.487686558731864
8.840735063538974,79.78119762921631,2.633036233784333
27.598775464905916,51.67695121240307,49.34892508282036
8.018441482479236,62.49723292794245,5.114056508719512
14.445751689301359,72.86380026084996,10.388111546834464
14.231283821690322,23.34814044645666,13.747269090146132
6.64473505316427,43.04468615769995,4.3539467836764345
30.41785099681774,14.599604759984665,36.31497079106279
39.89874275127548,41.73021843236194,82.27087212198067
28.597562119741102,40.853392285675966,54.38339438914281
23.03433773938967,49.17482319157525,38.98549412921214
11.985811066882063,22.73496913466898,9.805471867498945
43.78035294560828,76.2280823493543,40.27149665663868
21.798919232588883,28.952127120048765,32.834236394614365
33.97997944575571,38.61139197686675,67.96529431313436
6.142386004715519,20.930681815633324,2.5230818011897824
37.21875029813289,56.12467593371059,67.44552358676378
6.219319662656757,25.538051335306463,3.004140236291682
15.398365846463212,57.03249205191099,18.73863332932307
5.886974198946387,17.28760073892017,1.9772605143380777
40.99622384179352,22.498126343803353,72.5951950310664
34.37357485333436,26.672794673270857,62.25360047459857
9.474862674170533,27.022053369961785,7.075133769052649
37.50201193350466,69.89875276744,47.38444146947968
42.359893905514625,37.80284707329184,87.96702486886724
35.063831145679075,24.348900679107466,61.365795387702164
18.191647861745597,72.74350729647838,15.416248312485358
5.5850865579831215,15.985597159812766,1.6623349076711815
14.35488148157123,11.85725427116738,8.0279689169126
13.164594579040878,50.81290926787845,15.334134865393414
23.964104776662406,72.48701977538823,23.866533274101144
41.78496027822984,33.927214618851316,85.50133162496577
16.67405450440816,36.57846857170868,23.089466574797992
31.56327241316635,28.764454857601336,57.17886541630475
33.08670085321103,38.65881565338683,65.72480411421566
29.84212313833911,40.52885703947217,57.59896960071613
18.250959179386296,76.39173148735097,12.550517108502234
39.36226073718924,19.80792230365168,64.52642716634641
44.081058915406075,44.120183877465955,90.91458436916986
45.25485021023411,65.98986791631206,65.9952039246494
24.134607701115506,11.572851582408218,20.503723686291963
17.090481172322573,47.914395026260685,24.5022998071401
33.50651989217663,28.05213798032416,61.42930182633677
11.271023333277085,68.44511657595095,8.075564839680192
49.29809813165985,46.79831276118801,99.98553900492969
12.725567863173659,29.061512856355826,12.877789929370342
5.827580444636003,74.00091645923493,1.7888499637707136
10.298798730056351,50.35615328599775,9.84096246127933
17.33248493092427,48.792460176105536,24.964145608786705
34.31391747583389,68.08192625950412,45.886174098778135
14.288957229227144,10.769708006093634,7.302343509680193
11.159853353096327,73.00130492936736,6.497883821081671
44.32505349031319,51.81891715192158,86.03964369530001
32.0232587195144,56.55256721823788,56.14146200685689
12.891707538055233,74.00883621474719,7.999765277228708
23.84467362014329,36.81969697746482,41.269785670186884
28.35129673772769,13.287617674253854,30.170812339948405
12.482751594023574,61.662353149845934,11.866250064562632
8.72594005663069,52.220647662647174,7.106613639295622
16.040709935659443,37.25069298293836,21.7083031293727
17.991218154681494,34.89709015254644,25.875057752617238
37.357065733291044,30.79852009362225,73.10550713257906
30.488208813360373,43.32352815393698,59.18002464270576
34.86520244131917,75.57808175273306,32.88189345497851
37.965744374461266,25.045826501352973,69.08232502482326
6.40324107775781,28.358483100987755,3.4148721162560567
31.77850688151147,13.599806943897525,36.98235771309876
27.336481124055634,51.778999424182246,48.66478130200021
20.040975086763236,63.96385426220753,24.918173787479827
9.796921391019731,15.259644721506614,4.815772761524496
37.76849402916215,44.68439213443389,76.64246329734867
35.978107839248125,40.437913702262236,73.04430972791188
16.088091495759805,67.33716223719398,15.734859632991391
40.97371455360407,58.62875295980987,71.63603828868436
17.246531175348323,51.3161466808361,24.303403366241554
21.243825362301205,16.410745132864392,21.69965589756978
46.279110895800926,19.5773041643273,78.9915320371152
47.76068092193611,41.2204041070569,99.57135172100374
13.330981797737884,47.93306631648507,15.959988503517126
44.282562614438376,61.25574204866928,73.33816826742745
41.295251653765234,56.114835669750214,75.46566516210271
36.15244540330336,69.44369560957236,46.31820611609195
16.235060398663368,44.259747455019834,22.6920990328964
14.954424881882101,79.13676055976529,7.281241651150061
47.4826702858976,12.759876795795414,64.1495386918327
36.75088276320598,74.7673822190966,36.64980219692112
13.12589053073001,49.756166138684065,15.372472426871132
46.19697339146188,12.37621850100592,60.582063366861014
36.383912026107794,30.814430516078552,70.73564680311314
46.59782879194387,77.97407716157575,37.81408828789256
47.491992010104525,43.194995166022466,98.40649504896227
43.791919294519104,69.11845789745493,57.40365890825678
19.359521295946504,68.02408319054742,20.801370930949417
6.665343562197168,51.738891493743715,4.259779771991785
15.350397677946637,18.439682004409516,13.24857833293997
8.462894073314413,58.740214311469785,6.137982290999441
20.294373369562976,60.7336740070133,27.466397616226605
7.941035335952407,32.07032364814272,5.5736143467711905
29.277108156890176,65.35062153872744,41.23509382376954
19.343862631943146,53.81239635059064,28.54212852832958
44.86899867062842,53.11042317276132,85.72736276271672
15.48317636391352,11.708054708957661,9.170170919766797
44.15444932554185,11.4888587595271,54.10930180067836
44.361575270788975,47.02559938190484,90.00484406144285
47.25804643308033,65.91482650415658,68.90781500261893
49.90703497400018,34.54982708161971,103.69994066282429
39.52347300190071,38.13516395264695,81.41146821311854
26.594402913675896,53.9253824252859,45.746338495904375
44.315470138385244,78.88584284395066,33.515891546379244
39.572303623903316,39.243674751713364,81.62692453769077
23.961065102468158,61.630761111222405,34.540236335167016
15.744971559573605,17.733187919197626,13.462438858490753
20.957997093834944,30.106729415785722,31.370853480484044
18.333865420519555,26.352542573493697,23.351916433328316
6.894193533636285,11.251175431338966,1.8304799361432906
49.44750753812142,39.94411936151036,103.2779338453191
22.294699122185676,57.575309788514886,33.6629707537937
14.821424953927888,76.49728287651577,8.778625698680568
40.38552564869984,16.258770161858166,59.6524229489446
23.791134910321777,71.53828152935154,24.692702079511957
47.51294100311346,42.718105787490884,98.63334371654894
32.60351251448185,21.692376226445266,52.17480115275369
49.60258817616394,26.21701909684104,96.64553448605335
47.422929836080655,55.47526542946579,87.43350955927903
32.34815576954866,45.8881957711556,63.31290139852021
15.380141527299141,22.356962240385577,15.368528693501522
14.92187940815789,23.05067835009782,14.856878644427553
40.081301310503896,34.508768141671105,81.75400549443725
7.6029204453528365,77.83718410985679,2.328591061492349
44.77036482335416,74.94265982366491,44.55232340969906
49.77085201908959,22.172667445364112,91.11618013306048
22.830890850619642,63.07669329928639,31.084251123085817
36.32092781242065,20.772713443789854,59.34616448039461
41.712490624577796,25.710840028566246,78.596097481808
15.07179266701804,47.58820960253895,19.822715538842356
31.682297067876643,50.60603454864678,59.69395916551688
9.116907682898969,71.42226038412662,4.816810756457909
16.952001916491774,19.06604448979629,16.2954160438756
44.99366359410397,76.89560487608274,39.550892971987565
43.795742776945275,66.66612523074147,62.57826903125637
34.48588912875598,48.56001594263975,67.37255750570081
8.914404196013457,38.59172491494891,7.501129273974267
21.77098326555413,28.182764863222836,32.33110656219568
37.553905115986325,44.711301455513954,76.13463780053587
8.647079715844157,25.412824136486794,5.694239238836004
35.74664436468181,15.329160164321014,48.20934530820523
43.30431113219459,44.660256890978204,89.02763003025692
26.62639597969916,51.46854492616623,47.08783305425892
42.110643466631714,34.34664455315351,86.43603085926557
35.510726865157864,49.601237479705375,69.17280083603366
17.01627215762396,71.50409904486105,14.657737089174221
40.884170972311765,56.091628426089784,74.71417337593755
43.276177809240885,70.71059406718616,53.21493314136334
36.876333952176566,68.59093298545704,48.90703435298307
36.38621577511776,57.609854023221025,64.1442505158078
32.837512019683295,62.69016476903489,51.14487156152614
12.137229738188317,71.66095314392498,8.084822841124266
44.23295874853544,12.04730981241914,56.020315431107264
42.16175377541432,19.020890723141164,69.16162370108871
20.080348441661386,62.04557794041254,26.226282502000902
12.23419532217387,67.25769168833435,9.777442703829962
42.446038008098384,45.52274136325853,86.79426118322351
5.287364227257511,30.092669322243893,2.432588939836169
32.7617113269084,78.68303246191964,24.493771874829044
33.43160871575007,28.186250674491184,61.3572817166348
33.53025663948251,47.79897658010988,65.47913608703176
40.093042781801465,17.488644717887087,61.67272213412584
39.24625561259126,47.88866050732772,78.56400126719193
48.33464017365476,33.931051622708026,100.13218844818974
33.467985191027665,75.24196738570123,31.984870313605388
9.612937759580566,75.60599410655158,4.247697532016972
35.9548575035366,14.748594137362034,47.3905597637473
18.543360512606732,59.57204620516971,24.38649502106766
8.030777066094727,50.75193221233913,6.142796291787793
20.564737562883053,53.4640862437234,31.54763601257589
7.058391521563078,71.00757643066635,3.0117808144464164
48.80700361298286,77.8214498699984,39.915942141330994
38.734332428431614,19.106036809144236,61.89314914851438
39.12184381680601,11.721084152116106,45.90488601344621
5.995559818804876,32.652715340467886,3.254550839216825
26.988943568209958,63.92851924654553,38.53215724517519
35.748291947292735,41.21318944637238,72.47022383184544
17.313199982674966,79.79871501103977,8.796514800444259
24.178158600618783,41.59709170307728,42.84370978842572
12.363071953625113,65.63666841249506,10.493899539055713
36.21570016016699,25.453872895213227,65.40195232864231
8.707147052712921,57.63495114522992,6.603437523488095
34.45300464265108,29.128166889874652,64.68216920503055
47.788860301268464,20.574052424663016,84.08545527134675
24.455066046917086,76.05311441173193,20.116180837786903
23.887729261675503,54.69681633648599,38.91570732916925
22.891747908325744,29.1950641644069,35.64748587577715
49.27899415819227,38.65338044205301,103.04003011925593
45.23446416556105,26.09682241237603,87.01310853299525
14.58971168112875,12.179385801915796,8.488561799550197
34.325007141914824,35.796844060663275,68.16056829685259
43.896121242783664,43.124693468409,90.87407224700429
48.568704256162476,22.98678609921848,89.9225307405166
44.088042558002485,64.36177969542192,67.50635575002862
39.69148300898234,69.13482596818213,51.902367958599065
39.24607959243495,53.835422514199074,73.91660479275842
10.90601949570744,12.276832564387634,4.886723772670347
46.43815315170591,53.16552201645166,88.58292095637836
40.84417809392794,43.706564605878505,83.97903117996604
10.278868503307752,18.763005454178533,6.303745681025348
35.85043792530371,40.12141264296239,72.73541191328009
14.023612701515152,44.41161827190058,17.607711393275483
7.889402168381034,50.73799813400792,5.93716870289828
17.104703199579397,65.82913704460317,18.300614219010882
18.966288151560818,41.86541043572608,29.367838841586696
5.522924295864529,15.071282145619122,1.5461423857999115
22.662210038300817,43.595718430198644,38.88174560957365
32.00092466536867,30.416380509651226,59.51643283968021
36.27418487569442,70.20856780324432,45.091164622020244
40.09329450020074,12.773317774385,50.54348077345577
26.622812626602304,17.34511248927224,33.13654214173327
15.892025713813736,79.06638152870025,8.131948777246697
11.412299430568094,44.922170741594925,12.14618553925085
32.81700804431536,59.17254793808728,55.22746043102461
30.184190756911136,10.683959319342856,28.251911608832756
19.690758870979636,46.2398150369298,31.07637737185123
8.953992461517501,34.543885184642654,7.265720354140797
6.494139895611495,15.500494800851452,2.180706014733164
22.861547429071823,19.290102783014227,27.73270562389278
30.539338171770115,58.2625478396086,51.39594928171655
41.026401459908726,24.010517097136706,74.84924416296305
12.53671620165814,17.31974882340802,8.623102792829293
33.63936122946365,59.45330085408308,56.578421596716346
6.421376517153892,75.53485723705829,1.9721322890075308
7.338707764316259,47.890743471074934,5.252329060898566
36.90772337529124,70.967838662226,44.52715798618704
37.13391194595925,66.12096581488544,53.5892821307756
20.275258664426275,67.03775796225585,23.136307308436017
8.605168087310382,72.63716592423694,4.073255143717094
29.64165692691813,67.21084389737456,39.50921991148271
25.354322803323505,55.05043866375675,42.16969994594554
28.688119742125096,61.21126652287323,44.68009090504126
8.67334919137653,14.224645879339466,3.572620743474751
16.11964553045659,21.168127607923182,16.07862813007455
44.23026049664907,25.344979115063104,83.84968095441077
48.91393651186091,33.58270542397748,101.21762948035753
13.195306205991468,65.27889549997354,11.916524584522481
34.64184989753943,44.87370015171973,69.18646154787132
29.991359792193407,60.34412447905847,48.22243494880872
15.280463359908442,79.74337412397193,7.156673988595631
48.86569229660524,55.52279804428558,89.85005587368065
13.979410291811531,57.615976970190395,15.702995325474648
8.248928404062912,12.145675154406424,2.802267771063769
16.595729983004617,42.383606971752144,23.54355543748165
44.072262743377124,60.90183488364156,73.58224120079844
38.42179345399914,39.784533411365274,78.93292761602193
20.56707466461333,35.97271340892219,32.56113192735929
49.444230368122604,12.807643398873774,67.8661872786195
44.01641732551018,50.507278600067536,86.6595285875349
24.73769386353157,60.768036229059554,36.849244898835
26.90010236411163,71.13962666571624,29.876543953931122
45.53158388050663,39.520464881141876,95.08965084146622
17.457250875577323,51.464523001535355,24.766945982261106
46.05635055275109,24.74635323039666,87.11380278056743
33.03349626035673,54.20921540647644,60.348710789709955
37.99008600868764,19.209737958908185,60.46465679490873
37.212123410693984,73.63227644659487,39.560390284756686
13.085739899160888,26.628032744671437,12.858519524878917
48.71277923187378,22.668386689664285,89.72062753586656
43.447329201631064,44.45944995136244,89.4263325584863
16.125398348142966,70.9524930890758,13.727531177380396
25.038736475119947,46.03721477507831,44.79515537488239
21.165501622989456,51.50655960044492,33.66267413990164
12.358574266326023,37.375707565623244,13.670059469796719
48.62355450508794,28.069340289078927,96.61480507544545
34.55314990435815,32.76330449572864,67.39755687242726
39.80629065589703,19.16115625028449,64.32908143914707
48.64194702853451,41.76526789685475,101.2452654640936
15.622270850590878,15.144772313100887,11.65630151244246
12.639105728939334,46.384176398921234,14.58902046855842
20.165142939407886,68.02183561178266,22.177487355306255
24.389938564781268,27.409999081134092,38.20915378497829
32.77152439718135,59.474405181981204,54.80686437865416
12.516885855542743,21.733345140182237,10.28035824253831
6.650214212009434,61.548141054594836,3.650724647165772
34.87120374298123,43.22416130248697,70.11499974940247
42.987670203613874,66.39691070650372,61.966986038116616
31.34094639785385,70.7789896359281,37.02834036353708
14.26285445165457,17.834373357840953,11.259107363640414
17.138732518264533,13.99607992625204,12.95044931016589
28.90262876004644,75.5623984606473,26.10599433359894
6.770459330082934,18.547693980701876,2.7691447885997884
25.348956272754588,75.37125122695335,22.095022286686063
19.227024723953775,45.50643660818747,29.971176012862216
6.870778657267644,20.38402406734622,3.079090578696905
49.39835553314811,77.55830875052318,41.143956435993815
5.222299142048433,76.62682497962673,1.226165122688614
33.760397201697515,70.75428061640154,40.56906764036306
25.46329350352366,46.09172200054752,45.879301654118905
26.99809611156141,56.680498028227305,44.901573752370325
11.284306464034081,12.098151291087458,5.150472611131947
18.856847371603592,59.32765339156527,25.166204178155745
14.083405345532677,57.14027033274421,16.03279869082103
48.64604207482717,16.573050105259288,77.08287538513937
35.26709532013068,41.06251535131998,71.2948515239258
44.06640144698774,22.400485261317016,79.26945705897302
36.168167850177404,68.66807027536771,47.723622731375826
47.50763987633105,57.82736198027521,84.16474827151409
27.37286438037923,53.24930681408497,47.97296662770808
44.10072430154232,49.94268226471808,87.32044485779664
6.367417686357658,75.16640868548845,1.9856434479587144
36.02870379642025,57.35593700440725,63.713533696368174
14.705381857897272,56.121982916286,17.54968231117678
22.72389825443713,55.58630839290444,35.71834544471801
9.796686363859582,56.04917132221252,8.443038661295803
49.973617659679995,13.374842720238922,70.65624544912542
48.97283828995928,38.48355725060094,102.4098546264576
44.18390526517666,64.76698388407914,66.88058936185824
30.51573174440005,61.69144464759285,47.850319102576584
44.533200258560655,38.28982251557231,92.88814625930789
19.71649227034574,56.73153698945093,28.260751270837243
41.35306738735664,63.359959434363105,65.03776324017025
40.901614198638555,40.49083203690531,84.70456094321841
41.802539727875974,18.41463387594259,67.19109701243903
29.50200940823823,10.40310623486851,26.60225134217636
19.606362345512164,35.65230744099785,30.055637487066775
22.827771122416493,58.68270446829035,34.191003631260635
22.48511455716556,41.408553583577145,38.39777334534301
15.689485889344736,36.12762541405381,20.70230617828138
15.227133226841817,15.123714663791056,11.099140492520334
32.155186702162005,56.774895898851135,56.22339807861801
32.87706557043265,42.44458306604007,65.2904509063506
22.09036010806534,70.43335547002776,23.225907804615417
28.35868033112981,43.54273143408117,53.699512339774785
6.153892961289606,33.887347933830945,3.4903818878738413
22.108802845363567,37.91759466278303,36.982052061371924
31.107756615229953,47.352178270881495,59.79049093781416
32.35572917570501,63.541828307948975,49.16142383276117
41.584358242224205,60.268615335854605,70.37054297340782
47.99856631797206,11.276280787345314,60.15430022655161
13.810009355759574,10.529401248469949,6.701078147393229
34.13636213695713,72.86213842649909,37.2940178827184
15.956703345933468,74.89241813574147,11.02965446790446
7.712032563030238,75.410521876386,2.8314559117821045
20.82302092578355,17.099457991445156,21.62875084918923
26.864229163384653,27.974359740435556,44.762913331499924
17.819280588286528,31.51029754484006,24.441158954412547
41.13616540246986,47.74128936726781,82.76414043461456
19.008846462020166,52.723364831764286,28.09584119824732
37.22678034004371,29.083680051347365,71.44870909360836
23.609709568640817,18.53202653358633,28.46057002001538
13.151720729060614,57.6782497775488,14.087245915658391
13.164725646303213,46.76143685669421,15.675476556325043
36.907081777509475,17.48138461663207,54.91824390818081
30.529049883300658,27.959394859095465,53.92555355092891
48.33170938569109,43.84819527039473,99.83307654911009
41.26966473988212,48.515857950938326,82.55977306832439
6.953563978466862,54.320596291581566,4.500525795899655
47.813150399299566,52.112827410243185,92.30233625696985
41.86349867420556,71.89445243438854,48.84526247426423
15.263589737701961,24.843138793575864,16.288116573402476
32.49414449829463,38.771992886469334,64.23289688254064
42.79375862900242,73.00161863786079,47.340330310738906
20.903962068622313,26.580939128213743,29.314549590193717
40.123648185973785,29.236422488369527,78.52174834075643
42.01764433311553,39.66167775541339,87.2891680439659
35.039745468116166,16.68747196842677,49.46998208547132
33.07366961044579,41.62373751160604,65.84081483049486
31.397380842896336,21.760994542140438,49.487187629994004
38.15931852248819,70.39579542802599,47.326579215697976
14.753291004084904,16.70001888641132,11.3652079023741
6.063736372085138,54.938005031028624,3.4280989278276395
32.31923162399514,48.2688188899849,62.37621668672305
15.437619325218893,37.36341971338602,20.33336071628196
31.751435083377785,44.773680120141854,62.12131760701564
49.45034840966993,19.55078267897132,85.51116876873273
36.28150493214172,38.30231376730045,73.63557929963896
24.268982671652665,60.23184359607234,36.26813438320274
36.15962680959663,79.38791955915318,25.906689441736976
10.777743025435635,17.287675456891645,6.45156490130944
37.59524677079335,50.487084190448634,73.25272319594328
17.337229995191265,15.559355829229062,14.443681668005501
8.854621231839374,72.59336122648827,4.309902035146728
13.634029612343431,32.63600934808645,15.501113705088052
15.199538100214461,34.849741408235616,19.344600246729183
8.124072923574202,46.334185363578925,6.407831927122301
8.042565361649672,66.02495554756531,4.6632490623326195
15.517043685969487,47.80083402231574,20.81969157429919
44.60355894026562,55.56141583330359,82.3058980048085
28.983100394810087,32.70336271807629,53.14903534354499
19.985086087618907,56.86408686387331,28.804414004275607
49.73627125495254,56.328743289456504,90.12604639347829
30.10025378165112,61.145535716747226,47.609493228489235
25.934252552767315,14.209963982054965,27.370378691943493
30.30335671450594,77.03376991537661,25.187305715406016
12.888632406094683,58.3003423574466,13.443188909295474
14.042015989657541,47.50793791311569,17.52325932563428
9.350440234102383,41.52596553807296,8.336621245386157
39.027349800286075,34.330006696728745,79.15770504076646
34.92102760192481,65.68149725528104,50.6670453433533
46.72300187657537,26.42494572988175,90.69563413231526
22.969216211418868,20.66912093312922,29.319888611322085
49.661757597126886,74.89006775470067,49.195484811836764
29.29807086262518,68.94233060634949,36.599995852832215
28.4431089772419,53.65099816019318,50.26143328647087
9.010599445220748,62.868929434776554,6.323940260612527
10.747106763585567,67.824734117677,7.569522126585582
40.191263945167364,59.61212884200835,68.8552056104349
6.627217123614296,31.218984916173003,3.8660394338880866
16.840065645987927,35.20954852300633,23.195715418434464
8.943923604372735,75.5870476121744,3.712488264619537
29.921100832056933,31.386701746061647,54.8410520837401
22.864168268342755,41.30417783533849,39.386677506129004
32.02674500122778,46.09755993875484,62.46443991162896
46.37263879464878,44.78744380340812,95.41664839306007
49.64711066704907,69.59974704215671,63.36097760527917
14.382973146080111,75.14166502507413,9.088563721292529
10.236487904846424,67.22147959438341,7.064166459815623
22.128048206446103,71.45820243115486,22.26782943011828
44.06255105483527,66.41477800823348,63.46216143088777
40.551369633817764,31.327539736862853,81.12858680921241
8.641367737306348,38.208612513561306,7.045690812691733
12.80860317439289,58.64657622317232,13.216802318845422
20.57448769420035,78.29271406019404,13.221932273454483
33.84374348053994,67.57363945440527,45.955130051942845
10.963610273383178,70.34101375908358,7.123534263831149
46.52407357310275,44.09433431732551,96.05614439080463
32.281382198793985,63.53668606320968,49.027661885038576
12.867738226718565,45.17962535244097,15.097938550460448
22.93983624975409,20.24617945135744,28.852987999153658
21.539049003118915,14.77206165698455,20.460376541189827
6.161535812726914,19.461640240837593,2.3900065293863664
48.34018002151282,48.467067512651184,96.84846544497962
48.4619972518949,40.27485148310924,101.21016631967933
19.03172598883668,45.429930398817085,29.49499293097483
24.778025988480955,17.396527898322073,29.49021639312994
33.837184161059284,25.122672775671973,59.31907185911239
32.88145797040233,55.51407646787074,58.92316852222187
11.841118390789164,14.294473897746771,6.556691501331434
40.13427137307979,42.18602966385241,82.74163785323616
7.6173707977464105,79.6406422018837,2.0077674075386134
7.600125244836499,58.65246602009872,5.006107397913576
49.265551636853615,26.742607295114794,96.55155549907634
11.401221590923829,18.496945759570025,7.597422330212703
18.647381640541802,17.07320677074527,17.763592143154057
36.147260376235934,14.36042586910439,46.922486247305585
27.923995766740536,79.76877976970837,18.169417026500334
41.628662127770845,53.06536067617076,79.49188622874897
18.781412935397526,53.672708540414696,27.27037139702573
28.716865876024322,39.82583687232601,54.61827515267997
10.881966953308975,72.06229506683266,6.501366998544533
25.24030919695951,23.623575827453557,37.18237159803884
21.549170789478033,38.989082677024896,35.7108124436119
42.23920530050934,61.353006639298144,69.81022411531848
39.61872021386029,10.772188510005305,44.047259240752496
23.72692991808927,43.69409061447266,41.650028028164215
5.863652457037551,28.186924612152396,2.860099702508808
39.21304204049608,19.597679401029936,63.826895442758065
29.088955915366626,25.064131041206625,47.74960486321767
5.545434858975197,26.884102031967902,2.487984558906074
48.91431897095242,66.10759783180927,70.69150232488654
48.1809489944465,44.149783074845374,99.39616666279896
9.938128940487658,48.35716422815851,9.321172257630794
25.44698005519824,69.10499579177312,30.084693099270446
9.413716135291008,44.176879591524475,8.491727903773846
11.75218991122929,32.7273148823042,11.830134670453859
38.18106848245098,43.32126905581366,77.98405489723734
21.91497283155962,37.61333949990247,36.41730857864608
25.675104578269398,64.95115806859398,34.97068227173788
45.14381100231055,76.87342805527499,39.73699669616415
40.410652381488276,32.07848270236089,81.29204909644616
35.966061773894396,40.63221868387743,73.0233847755343
16.460177992072303,68.86101055981459,15.477549852445142
6.7291857033046245,73.12333944947964,2.4802159748764647
25.766485908113037,54.60410337657963,43.39819976212409
34.67092649926022,72.65824184945754,38.36193732402408
33.650135697524334,52.975350933204325,62.681300523936684
7.999341825231048,46.28856153616429,6.224743304554363
11.757605036766876,61.62036381050399,10.660061618585456
28.04998643657035,57.615944544584735,46.553279765252626
6.875280527107292,15.935441123206225,2.5029007602065434
37.2345524628207,15.045903519907135,50.57666194747019
8.206552749436637,10.847593266442122,2.4940151290847337
48.0425629234766,61.625585162130484,78.56862868339924
20.896313382592886,30.757490690135867,31.537082554598253
20.73664533856323,64.22574718268274,26.08475601614222
34.76167749816865,22.963689750722757,58.896475465818874
12.834920090033796,16.88769547993781,8.8287158979007
34.71362238656022,63.50608635552152,53.49896334786896
16.92708927462518,11.466147272163896,10.644723540025215
8.69772503643923,77.75020243915213,3.030468550586327
18.295014986483913,63.84562034866935,21.62514734392551
33.10986059844187,36.73577477570271,65.37998749607364
14.25592679879998,18.49704927115845,11.57758845420681
32.675583561748994,64.22436464464516,48.84515285019101
33.97569140935088,47.12114932744108,66.82271444666813
6.887805054423632,77.79421443160686,1.930945007572756
40.94213862445586,30.49754256906753,81.45548672347797
49.098664821148276,52.131711274542546,94.60662866636319
31.209019619326092,62.36512256006725,48.43608238901242
41.52964046405619,55.95350251320519,76.10506935212443
10.764308586479,33.67872541961489,10.181934049708426
46.76376381467224,25.723092829069635,89.92920418634904
21.7475160726881,40.24538180609372,36.38112900482934
24.77322453625035,52.905770774616784,41.91180275148212
47.43841269851184,26.848489828275348,92.74259360706289
10.467561933541312,23.82293429019561,7.843285383753495
44.911620509417126,55.20675688586442,83.31696407838645
17.865805515762204,67.11628572780322,18.86218368098085
43.76164983635462,69.25600370831947,57.06520879837484
46.35169401377995,27.65687141213531,91.24408214599218
38.97688679358252,42.2377648091898,80.05798177872333
42.88993488005277,60.99434740131292,71.47036603414304
39.94013509248761,55.93132863767501,73.07414294050406
12.984294626136808,48.15188432278568,15.214120648775728
49.31013827860287,75.61716465479833,46.79954445874378
6.942818110865526,21.537037101060598,3.2815787485649963
10.927794805455285,60.81859369897069,9.497498496512783
41.800339843562526,24.945795641747033,77.84164458665572
27.763371182832305,68.849211960784,34.22089423180212
37.976069514481274,47.95660438442938,75.69220263545732
31.56564607064478,45.5852382841396,61.463794544092124
18.389680309346925,49.55153950013113,27.38173569696364
35.99983859225408,71.13260411025654,42.98900134371712
33.63311092906616,63.27850759302106,51.85133868110143
12.203223572955785,42.309023209385295,13.699053507359304
5.419922892219199,27.26752051651361,2.400526776790468
37.69077718008522,79.42669659445544,27.045905287216108
9.463014481424715,38.10460211029017,8.36783232547134
41.00319359146218,24.28249442402292,75.16093715388207
29.97882271860288,61.31499072207723,47.18561483213312
32.71934526170806,23.16173142307913,54.35221382919938
20.992305590858273,64.8654249139778,26.108069030884845
29.94019313594075,10.366072948003891,27.18522926747149
39.244584201264225,12.471794845816735,48.17166392540295
38.55802022290545,24.173639211566616,69.37785562751216
48.11330660537211,35.75585259114591,100.27771606374199
19.71192273521356,20.422163523271127,22.40983979368295
18.75218969705967,71.36555332797404,17.28512842916973
49.83504519322613,35.78166713547938,103.90652086364206
25.187478392954414,60.544965674191594,37.984648571239816
44.87881012092836,51.51310339307489,87.41549374525555
22.61865641800232,38.88352885940366,38.48047035627244
36.30281659235631,10.225278452299507,36.96079453270696
32.881520185692835,34.884510730895016,64.17198742031417
40.73887990746879,16.509344787619252,60.94505097472421
31.469102012677574,43.668102292028664,61.60948975822426
33.90464866573524,14.539751613807784,42.94392260552322
31.099270434265907,49.30392115716666,58.97186713540932
30.229704248727693,52.24413666175184,55.32084059818965
35.4410571751863,66.34922997765389,50.479981234334474
17.141932405769644,67.75345871260434,17.24023447238044
27.421505701855413,15.394079539403181,31.90441377510789
7.634791815979064,33.39668230872425,5.267943035501056
40.32036397001604,59.537665431864106,69.19253196565208
40.48767341025829,46.208833950912656,82.19072732463633
24.808954907997077,20.321676869439877,32.91930008742347
19.76867391241902,40.381355632171264,31.29430551786234
8.987019335582776,25.442836689784787,6.1405233806355275
31.920138232868247,61.49641799674329,50.83486185491841
49.92563801268273,75.31793319404903,48.18956781231819
33.915433979083616,39.487363730585045,67.90359756465043
33.62798141187047,64.99561326561624,49.46865036015416
10.32512859155243,38.693342278740175,9.896745359388236
42.79110285360277,36.868306635313076,88.7923063882436
30.734252205223395,51.143855260353874,57.152469804142
13.301431391013772,35.356480915660185,15.32723334018215
20.05300799338695,11.833769597244535,14.977856062925396
6.088629375110986,68.21879305730414,2.5325851778355477
17.288186448776557,46.26551363671708,25.134314709529953
18.442650811494786,75.84754715807384,13.227389490052039
16.668354148959818,40.07597689172546,23.56281356390877
44.27286127180708,68.93534967542661,58.424909138025804
13.374563803082479,66.18503168569973,11.873090805249976
25.61840990320517,43.80782104597486,46.57624280019089
11.00659875871747,15.642105962998727,6.16990897803466
37.75726881381944,44.75228066487098,76.59642818668301
24.65828161768308,61.06557600566777,36.44731119679249
39.44808045459994,21.12357173685475,66.9614998595215
32.460131726493856,19.474785759437985,48.673733548156015
38.81187887130706,55.98686093869976,70.79065890024897
48.04765794875561,14.827061144949482,71.31341179924907
7.567462451806444,29.75309522852401,4.871099291496014
16.77675576811577,27.28851593503999,20.425582970515375
45.78145612344665,27.46823398946543,89.78035704188517
17.237737675788395,63.15787836925746,19.977401264089917
25.2382929102743,64.36973898686269,34.703191574827535
7.941477090397336,44.1299835571369,6.143827729136769
6.512612008247718,14.385724241874817,2.0496847503382476
45.78968540049849,19.74717597823166,78.28909049771228
28.95893070238477,38.77669218204946,55.122678341673364
20.63044968164792,72.98833419810907,18.59657245797223
5.982052854897027,56.46527803229124,3.2669493915977785
48.35274953960977,49.211772842328934,96.22207801342635
47.157010791489135,13.658051550021664,66.26125856939801
23.845699358337264,28.21104536734358,37.418974339696994
37.88694342413284,78.69079633480726,28.958223720885364
16.54385280999115,55.79222210318521,21.54940567424009
13.914393474188305,49.57311782001269,17.064473348539668
25.87696190097513,78.0403730742076,18.938167516183302
32.383727271340994,34.46544604607732,62.73936498807554
10.134310319957002,20.58727801144542,6.604431624792305
15.13926184780558,27.56766629382086,17.12674605858854
43.2777226028512,49.28559517977674,86.19180722369907
28.55259101184649,18.033821030845225,38.079069145161384
43.70628620072458,60.59700122459386,73.47289669997011
8.045076285500071,59.548456806083806,5.490731158600788
29.459219780419073,15.720774202274477,36.39085035528767
25.623528868789542,43.92874009910329,46.577586532670146
12.45985430734741,76.19887029001976,6.58871781028587
43.248891716629785,56.83156361303758,78.19157006517351
25.803300245027323,38.82358791091559,46.844707460654114
34.29380602179294,48.180230858483384,67.11293346786505
7.802289764684852,45.87518541392322,5.9376820279119125
41.28816277547778,42.146791431787065,85.367963011496
7.338045989942079,65.03947395688232,4.033069250836757
14.061370196118848,28.103458442162715,15.160902809886322
12.411785904453314,33.115054541004824,13.155543363553083
39.053817755988575,46.35701016527561,78.9321059709777
14.219657336782065,71.44810547064286,10.820089000933937
44.581183472818815,70.94048975322048,54.250437430089114
15.745829512169268,41.58675409266917,21.487260415460632
49.32453452633938,64.04087334169932,75.67465377514598
6.222533955150192,14.564321388234443,1.8984752143891874
25.876911956554974,73.64541441030921,25.090834491040642
29.24158090787214,44.846875562400314,55.783837214444645
9.746316498048376,55.974607330700586,8.373197478876692
41.99464222701015,36.62940052552936,86.90750753019128
39.902533291639735,77.51336577305682,33.535126411057135
14.169490660746009,46.63307418363189,17.85879927442915
17.9212081138059,65.49980933236876,19.95659757052925
30.99170146465209,54.420769228521266,55.61314694562214
40.906137182715234,37.71793308637184,84.60060585790889
46.17905307831695,47.3120207072298,93.5104819214081
12.10796702759066,58.71293827181617,11.930834713381232
40.69676076972145,32.173317394726865,82.026705305446
43.573066564943886,73.43002783360365,47.15726870716178
17.460701932001403,78.84650309006554,9.706813003401003
11.332018762194128,24.1410967881743,9.206928559197271
13.290117765711177,72.57927970055093,9.101377991569372
34.443164854623284,20.647299825559102,54.90950895195617
24.814553826575704,53.07086175488614,41.9390525729861
8.755883824522249,71.76914578851371,4.391179272585732
41.16215909486908,45.36447415036468,84.06891257783975
48.52069768666267,39.24326854925698,101.43922433841549
49.284964356642405,56.754399916253895,88.7381066636005
33.560207296427365,21.616842670704948,54.286631773958355
44.68674912370898,39.92427815444306,93.22706150132119
12.30050326021157,10.882526398303133,5.523072541598262
30.189005763727216,46.91797354858734,57.65786926153859
37.370913006612135,72.31806371124614,42.45842137598638
8.573296308936328,61.20475432382536,5.985789333654095
13.4335374843912,70.07239372100148,10.391588518424875
41.85785812377453,47.85556284898811,84.23668514377827
36.960925938049016,32.00450792286239,72.92816745176981
26.202555451976657,67.51458283973301,33.18368605678697
25.666933872794626,35.04587857278092,45.51054540209635
27.239560126263495,67.97744767060529,34.431737804872746
20.084362131689275,22.163311519502066,24.494203569415056
37.040630914885135,67.81847488956572,50.53044257533061
9.528686533559,26.79118789291613,7.112361126881704
11.388739539244725,34.35589881075167,11.402453708656395
25.26579405074357,62.417843587431456,36.561348641870154
34.30164131967534,53.46499972349018,63.75076880210915
20.856872597434446,68.9013287159332,22.62374176076527
26.207922532917404,78.53734566106081,18.53186539349635
33.53639622330816,18.83853190951519,50.05320031133048
35.42799029339453,32.75728108021893,69.58217648457735
35.88472385087438,14.874880371368402,47.537617084007714
12.869664672918173,69.90160812340504,9.698648763639019
15.22308006605817,68.5928787670058,13.697717130841268
17.567423980448467,55.00173370410953,24.068535878224377
36.236775807942394,45.88583272015371,72.65898739047431
18.73898045135291,24.88510634597673,23.423538128938453
6.4935209553091795,31.276248086850668,3.7175951905865796
34.39232557390774,75.68133729139379,32.15901167157533
44.20420170183734,63.624534357471184,69.05092825092022
40.48013044639844,56.54894324331967,73.38950033733576
16.712908590470136,73.50365214940808,12.89183822489687
35.182954035762535,49.230844168630796,68.63881491774931
9.994526114606648,41.29388806644978,9.443088304485636
25.716122204086684,70.5194526665869,28.84191815188351
29.59916990845048,36.62803842792867,56.31352355740083
48.95601478297967,17.750441532842096,80.55845998567348
24.01467927403751,12.94172726199837,22.274490102970965
38.29568543451187,74.26535865394054,39.45273953727772
17.601679829772024,70.08391737593846,16.48242708468861
18.1498203707854,73.75391131507406,14.574777116794651
38.92828566185528,66.34347437890071,56.020288289331255
5.810295002020452,77.39672499518181,1.4301814868448437
37.700194643164544,31.332576677029333,74.30699778929215
42.32275991864811,29.706483889045096,84.0610246258836
44.27392278047576,17.88062732883559,71.26482580360705
36.66586898573581,47.848893365143724,72.78263486937131
9.344051158794837,26.93256797811873,6.869043841331673
5.558181632479165,42.81375758251541,3.0701651390858222
18.556936734200015,51.885023900843116,27.257128515881735
18.375701346887773,30.99433780548893,25.554837449963014
38.44369394292215,13.369998518484742,49.0019796833649
45.63027478363943,69.6584712073827,58.490905079881344
35.05121074518829,51.5255099075169,66.88146338861321
45.15361241628435,22.973112567010013,82.56212049861016
8.553612298587288,26.765711893667667,5.773219761709677
40.756022541508564,12.426918670853834,50.822044110944745
31.226307578757034,79.6806261333917,21.178119961350507
43.50632422268927,46.50119823305126,88.54084247505935
7.863840917898905,68.1961460069997,4.152713823378959
31.954032867974476,18.04530979416968,45.337673795546735
9.22357781705103,73.67387736056148,4.400499740374868
35.11401183221353,68.05007595217289,47.18259676838814
44.55405051270203,50.02406464338256,88.15472036417795
28.285085828976857,40.12991872246931,53.53058197636912
19.26259645060037,40.42171726010982,30.02034821387249
39.82458450785704,52.13464017105921,76.69822937216598
45.16354804796807,41.03660100654314,94.12768894728
32.31903104234393,54.19152871643921,58.776145700100756
31.62637230378465,59.18436411598614,52.774467503812694
15.684506076866283,45.86546442820534,21.3416944369727
9.690116126375646,36.91579293513688,8.665996145066627
26.9450180879569,55.65569816818307,45.493703368711444
47.77389736637916,52.04557465838491,92.30152515538362
38.46172622794519,45.43862416466419,77.98056229556713
33.53468141193491,14.96525512936414,43.07153028961096
16.447621137883115,35.32971652435971,22.30385550674694
26.262200975293112,13.195412185166862,26.39120683846748
11.301084389899295,29.377001545391405,10.396454492828704
48.71897109054728,33.19429049721356,100.63029921295518
26.691847615043713,23.726839891687504,40.688153194563384
32.485103198409575,29.6478250861182,60.17867205338317
14.314666029729205,46.160083991218535,18.207465880838328
5.247760962218937,10.536482285445773,1.0014396342966618
14.8580964095836,12.57049537505748,9.027308156664652
9.861158935881111,33.72024545371261,8.639867204896188
41.116355581091575,50.04340503585106,81.13379465813973
28.07004766803874,30.544217624568514,49.57642764327346
46.92891737447674,37.79105288660342,98.07715646181013
8.919174505809718,53.19465612824609,7.336627267854371
10.122727706447064,34.165619996118444,9.128885097088016
27.8335372423014,71.1955767279623,31.209138958426145
27.20959611530534,59.1581136222165,43.450438205498266
49.67675775495817,19.204238392858713,85.23662940189048
17.36291864837838,37.62032529183524,24.92453707561535
23.98226803424741,38.771475268588205,42.04598010180355
45.84249511504497,59.98228511267995,77.98386433851901
32.35573463408167,31.656090250394747,61.2146905439939
42.07056728995826,76.85423580394922,37.11706152495055
41.953922714760196,10.109557363403104,45.89770078097761
33.63806165825332,13.579476700947051,40.41700691373279
16.592324915017485,14.166729024344018,12.321875095145657
32.170795382722446,58.06129394448247,55.03952996902671
10.15194371296573,36.86872181314857,9.451689169671983
25.53064290299939,35.83371152326416,45.4216721012359
10.446125021833687,39.326345313123284,10.161355124525759
38.803012151378816,14.970536517327883,53.54668937483194
8.608100633685655,34.833990428518895,6.7656781737358935
47.37765702285163,56.80008527060399,85.48451891114647
35.540148050265415,35.33439935865054,71.04089018835984
31.71473560438423,10.709182881942036,30.73458239207032
33.624322088429395,73.93008633033656,34.65890800112273
32.56580607551686,71.15890154264414,38.17636485132186
37.57878749597422,18.43908914825832,58.167317485643764
45.61039882786288,14.651069104904241,66.12134340350747
29.02853626464937,19.949598665542037,41.727568656810234
5.526797482890683,39.54239820893473,2.993309097667548
18.27683184443703,44.02003456583221,27.66893023575085
30.973994903054788,13.061735061626315,34.44918866983414
10.535148280568553,49.10496775152978,10.34719794242841
20.442530892769618,61.04214412846136,27.589024639500632
34.35312418663729,69.19230540929348,44.103203439623684
36.16217720011514,40.09517541731037,73.4940789968264
35.28349800774946,29.276682197879296,66.84924756669696
18.784107445019572,65.22896119445554,21.701972491377965
25.0888782380712,65.88662383628468,32.92589820728821
42.00900681507253,70.02936363628987,53.139355086093865
46.24858561285433,40.16896543593074,96.5686198352077
19.349006824451248,50.75391226158797,29.44396138347091
21.702759054693242,52.07519167601631,34.78512807603478
36.75136381897211,58.18835129444958,64.20164692094262
21.85487991590546,21.680214118912698,27.85985566802437
24.37382023079934,19.98159008573361,31.619262559047208
45.054366583271374,34.21142225165002,93.08455677740676
11.95068862504957,11.781343193402561,5.620222558686476
34.06200738289179,54.583162221832026,62.29408994505927
20.327187496158125,15.01983221933557,18.709530047325423
23.43330027028544,31.78522465443755,38.37785442581615
35.470428788075424,52.404547461688324,67.1604737132964
21.4067177688893,25.252478797849307,29.598803025100135
49.461618477001636,41.780113483728044,102.8978632589111
35.97234061011066,19.838707730485254,57.07516428163648
26.851536484672902,11.927570390862584,25.282299753830745
27.745480305970247,77.48121849823916,21.732123014886866
22.28930208436101,12.72972088024381,19.260407380846193
6.393010591370459,37.159073196280865,3.9026856914305634
12.201122140843733,11.634646742973015,5.783290046095435
39.029612627757956,42.096610621732346,80.19656675132688
18.016014738769453,73.00582281115365,14.977249299485253
10.226253209023653,76.91431802687235,4.369790947397084
19.12850228198088,72.18825706160769,17.174984554234353
32.132429441575766,67.86951518190412,42.73877664323329
49.28059234447089,30.1883806473122,99.91787937787598
48.251096843341685,37.263732643169426,100.83728526114618
22.348035713161504,33.8270972978154,36.45921830943522
29.363342330641334,20.790153022494096,43.57665047992913
29.917016841110502,47.91933686870028,56.65098973883322
39.28558156721915,68.35549733563099,52.84934384160971
24.819860764059083,31.163327454604563,41.60673811091375
16.67007037926925,23.623668569341035,18.45023401496995
7.59414119895612,33.97135851842994,5.260057560854791
17.161146145885247,77.64921701064851,10.373355571225305
30.096897181251975,34.30939273213553,56.792856150771314
31.12104204471632,19.743769094198683,46.105328165918834
24.981968714099132,53.83640249947447,41.9576680045163
27.000402430660312,38.12451604580269,49.87338629447607
49.723177500486415,71.62203335042489,58.245145004924076
33.05326811717481,49.85641528275979,63.336647677948065
32.92972159210628,24.091847547570328,55.963242410137134
22.781198446894336,12.762167302362952,20.07280878160811
26.3995716869072,48.011720877036424,47.811752094839655
15.248738124644431,77.48201930158596,8.599145469876325
45.92545749217589,60.55002648191341,77.1754352324251
29.002398294441317,70.89784117533794,33.3807396846894
10.879355472055831,65.33568559924194,8.394619659824043
10.616936628508174,65.59474637845838,7.964036515087717
17.409540571311062,71.39634067127322,15.294589321696122
47.481894222142905,20.415717858358093,83.15420935870766
25.820402227942708,78.66911647138795,17.956795389626574
26.753334618791598,70.44832657601816,30.553591214320733
31.492918495909393,36.27309355437213,61.10567328111514
17.86025999866416,24.22561637602611,21.179433950957
39.28091861199638,37.05783547761195,80.65840091336572
28.0073957990338,44.46278360008274,52.69408560189797
30.977556315490904,70.59040019371866,36.790704527202244
49.13327046125432,38.53089460016719,102.74033311237723
42.238351494783636,63.51694562583024,66.18282220601164
30.808802815500798,76.92330005283532,25.922249219537722
14.021353198778126,17.6484947216735,10.81134746427983
43.428288512993994,40.74048716436238,90.38249808721065
43.11359843931772,72.51631436367904,48.8497580034863
7.810591712858215,71.84253340902424,3.521109933731763
25.174357491623997,45.73027423029625,45.18932279697984
33.19666299919446,74.84678247110607,32.42201236873936
5.860224249339382,43.3790427822472,3.4106199104920143
35.94749190937523,60.589487038875994,59.69868774751986
36.163959419169856,19.41045905856853,56.78271654123536
18.472801476725657,35.110086779190944,27.104361634670372
41.199674345577726,29.51319106901871,81.28220506670871
14.481723374024142,77.02136133266673,8.130539246445831
5.3988478301061,79.84745989773847,1.009624206522419
35.4569584485828,67.9928509614382,47.806800041629934
18.25787283557869,11.002069436694198,11.811439000588976
38.204128335268855,68.3901217900473,51.2206847144631
38.32142593790836,19.9995201110587,62.57267625218783
38.90425650156361,63.82459474753487,60.24988675364452
34.63432320515247,63.62811529569103,53.18114116324451
43.06646478549795,52.95228799662209,82.43134502516138
8.987212128635559,44.13394667670476,7.778304438564696
8.494220060222228,38.52801217227016,6.837807070198329
23.319792010653245,14.62068908981691,23.324283692238886
20.69692402862657,17.769866915392036,22.03200934633002
41.370584450414995,76.33816181751295,37.77461083328089
8.254241386607237,76.8580645104191,2.928540124904187
28.515946970153532,30.969597456771172,50.974508763492516
8.458793387427358,45.043698764929246,6.932165164377704
40.75319950208369,59.49605340866887,70.02554926227337
7.260170515878819,15.103128475753245,2.6587546537748
23.12929771846867,30.67033458335603,37.059134618020714
15.457294537522152,29.67031492360995,18.520274880384466
41.156723448359806,75.04596375422977,40.717194396112255
23.22962125374049,73.42777014927479,21.74938037626256
19.46730655615469,43.350589044065416,30.668487799168062
15.171304901719987,54.833322952309075,18.8535212213238
49.0541501828664,52.244516723036504,94.39058791054231
21.101633785109698,55.34722121933699,32.049006307923804
10.53143053094244,72.2061356185779,6.076391531800996
27.638777785092635,41.45448194277495,51.90927747065448
31.363915480408362,53.73487039525817,56.960063118478374
8.229911280193086,57.78320548563817,5.920110368525341
15.886925614198832,59.97668427546129,18.741337006441913
42.01406574728885,66.27709552867643,60.785075822833655
29.86254353335501,46.41189246175258,56.993756346768066
11.429418260273527,64.27423052821949,9.470366293195084
17.213422120102145,44.76867959725626,25.036127500046465
17.79233418173825,19.36798540997852,17.99699210355837
33.330096360128145,13.803242437603268,40.319253979910386
38.689035535679,32.231075668278166,77.27164024108636
5.0060611852018395,45.77903974660609,2.504914604680185
7.108335883742141,29.331869047462963,4.27415396401757
36.81394193550723,14.38827351353061,48.282227547271454
42.77023215602011,10.267394586100817,47.77881717721996
16.1070741140856,61.863283930645004,18.41260389430886
19.232156737818805,17.132467164620948,18.827911741421506
21.210526346019254,28.927530046916786,31.394304420313286
42.92203559722497,31.934354230960018,87.05256425268988
40.501961229920326,72.43105013675142,46.03045969495931
24.52178388094383,73.69602006980745,23.192085544110384
21.97931242834368,77.48548915430757,15.566994410150809
9.018028603650782,58.091348655226994,6.9991730177206115
27.22163182056179,37.1354163818953,50.2286089281055
33.472034543687045,59.26999641440318,56.44264379061627
5.196347134263909,21.68671621230391,1.8667537313266485
37.08707227854434,56.646978950474455,66.61748386029285
48.47213773079047,63.27264531755481,76.04108581383655
47.784771847910214,59.177835107436486,82.45294027657154
18.412349388774942,17.375544557559955,17.604313836065266
40.1820738505221,55.090445503314115,74.49579196939928
7.1683705576983305,35.20353261306848,4.777130373455819
48.05599169679288,45.02808019971408,98.6926724874101
24.47281112088671,42.03897236115058,43.63050641365324
14.399722580232368,35.80950196053567,17.747353321004734
21.641596519422947,13.664851413123067,19.384522518182692
39.54054328330632,39.15531023327153,81.55222587685815
41.99809490673905,69.52436007839268,54.20574828341257
14.539732461439613,56.014743751909,17.23957827067487
26.252681187334176,71.61097165450396,28.294251842638303
14.708330562940436,57.4469240217031,17.19908848490485
32.348845501372516,30.671103430028296,60.56445071447642
11.147040664302768,55.61478323340936,10.78543495562492
38.23688561595488,32.0939140634345,76.09968442283466
34.01746718100412,37.65916353280523,67.89098043143278
37.094309747717794,23.945069242583717,65.66180588358479
45.059675118627844,30.118671752590583,90.62102092621714
21.55036944902688,14.066436645624485,19.697455848042924
10.018049554457438,46.11033318986297,9.525518107609768
17.041670452758716,68.4836158019536,16.634321078219827
5.661202489472923,36.536583407035536,3.0599912152047417
20.18054960460917,11.352934164232073,14.608120804986717
10.59657795502296,38.95498724430447,10.412692705533024
27.178906300135097,38.30028230784084,50.36900163643326
28.89219552854422,51.659217243397705,52.47488899067418
5.446571950752603,42.486661161745275,2.9472875063591557
48.357465839941476,46.33225960906841,98.48857845986318
35.489402035652894,31.830470054181824,69.18907813433788
39.829612016874314,64.10450373132807,61.31076387347996
28.458322144436252,78.32096762954495,21.08720120114809
10.6497596643194,11.18633654227067,4.281882494682256
39.65711952906932,66.50088761554179,56.852788802763754
10.409325310425931,28.590798307102425,8.763327264780207
5.789856351498301,30.53160275463953,2.9306511116505054
39.79138432634022,46.25723693988053,80.62298333792072
20.664301692572963,36.02175064344312,32.83052261464988
5.060913157196067,30.986036929566513,2.2701734398563294
34.09064337370687,78.193611067145,26.715015362546126
43.11773721427548,11.65164752518704,52.79060162659399
45.43522721036777,64.82388893090382,68.59557768051428
40.11692556069412,42.05970313025,82.72332089609
22.910238182952625,31.204101018323485,36.769850996561566
7.95626865294646,25.976475444558936,4.919192547664684
16.097163574011105,43.88539487971411,22.37130895133678
38.63499829685123,43.166687987856264,79.07326129327042
7.603000225122227,77.04528606917427,2.4690192501130546
47.42259435923505,64.9632680203886,71.12976177041463
49.60975557038993,48.113763296018405,99.54697146134708
48.32457576139427,15.292352843172555,73.12955234820326
21.45563367176171,25.776688760473608,30.077245291271073
13.81248878604215,19.856206422487325,11.543692022256426
33.00861387046985,64.69252990231135,48.80439780336248
31.02342797391623,20.28738967117468,46.65892301559331
41.50056964700619,54.516829501461,77.71050353816887
22.467456775714798,57.18912068752441,34.27039568672926
16.69572406592748,34.16345459459474,22.60922738786428
46.28686294093956,30.335315396999427,93.52438566695999
26.149472067107148,72.30987961772102,27.234001754608403
36.847460762038736,14.354225831529192,48.2784438224573
11.628636992553666,10.548911354034177,4.80834788342229
33.39148056031235,41.33713977872928,66.64706246472349
11.042368290602399,77.05538847397393,4.985135191353056
28.834687577552895,26.932530587902242,48.832065322344725
27.52716070196184,57.573423291457544,45.42457439433126
8.430764808810402,29.229267053352437,5.934967856405415
41.313447089779714,42.176540928186284,85.41681980953591
29.595971391453272,40.29712015466285,56.95432574616603
6.97549741893523,21.602484587410913,3.320469353643518
25.04937374338509,24.64298257855495,37.639790148329496
7.249056289685543,69.05547648362767,3.4396176670673175
49.15366381238521,65.52000117977175,72.29664292937375
43.420321476710015,26.938399122193175,83.90408092721097
48.22821389809399,23.784799311739988,90.44214603646905
47.81434146628245,79.63735057761657,33.74468469220288
37.027526258572195,78.68006122542754,28.254794382554397
30.629290080519667,28.167924822326324,54.35625590853327
24.66481485495294,51.54926547651502,42.24163365236546
8.288670291215674,53.56402852320723,6.359653150157364
49.15300265430325,23.307535484860935,91.66332832267004
40.666780232977246,73.55291556457335,43.69403666973007
47.466571676909936,77.2094923083813,40.69070452590464
28.465683742466236,78.41155355940526,20.944251623666208
39.07895932104975,21.317000536587333,66.44079083058934
26.46050479105865,60.28318227604028,40.901213172174444
16.13031421185875,54.843062848422115,20.923412522805055
34.99702155709787,21.38898206659961,57.258303730892926
30.42883906037403,64.01388376850254,44.9876266528933
27.450304904117388,10.84721817432752,24.31141804358863
5.406731108568148,34.99205407790085,2.7487032243374467
46.67873307943019,26.007374572252616,90.10041490090414
33.54636599922593,25.54531094853244,59.078725202056
19.475149534679687,69.36294627210387,19.97426211903413
37.79876490214761,16.677949411924743,55.21145894401586
24.29159094438951,12.041883455168513,21.415019812078405
26.640056597135406,56.37038081907477,44.306934891675496
10.33261806191682,30.221945723641596,8.927395483064107
22.902648147597063,74.36717172592348,20.238657162794976
49.69647569403338,13.143790929693111,69.40756523413964
39.245356557292645,36.02068464816402,80.30177215443486
22.6606183803266,62.798548134291586,30.959014362195656
46.32918944654339,76.56500161517839,41.590319375649706
30.970516371724436,34.99848115103519,59.31780207637959
40.439708863645066,27.570096828361017,77.69502717133467
30.3833312975083,35.10049230674112,57.848439206230054
34.548398316854424,26.827923902545482,62.84061757158037
13.62168255806716,74.2767360672806,8.68996952973607
9.581165732729161,45.41705354144521,8.776084347332038
14.938375233335401,12.725097432796721,9.229540477325607
6.620846823114188,22.265524047407915,3.0681579889459383
44.00466595277001,29.773512078391867,87.96532351945159
47.77066267588831,50.71356050924355,93.70141251162127
24.647638539594475,50.60621842686182,42.565866567854606
28.25142733518205,63.11433776301276,41.842216450814675
17.712322968778352,34.713527412021165,25.154209188755285
45.234243613996284,76.25195592052839,41.506386909062925
45.165120236891354,39.36135957701195,94.30024659591358
40.116447635309676,43.343501331076915,82.43378604333269
27.389293346574597,24.327607634009876,42.93391567855875
31.60086364663324,23.029512842734356,51.54932111164613
19.92041145802372,69.85211411339546,20.295994728663743
14.318411414488486,14.981079962140296,9.80672467856826
8.105341667576734,75.85491643521755,3.026557835073542
27.811419708282557,38.65884502719128,52.092098328352726
41.48953614535633,68.50781495373613,55.633431930967475
19.948596490202206,58.55326402316567,27.91636674664858
39.700526713334895,55.82554808061681,72.72386624458288
11.821778366004471,71.311815846194,7.833252163371236
29.25925487312039,29.77306984590026,52.10465399969774
24.135268344696225,12.629976327923517,22.01735459093757
10.75400605500879,63.58827253611026,8.632044399214605
5.000523563991476,39.15960799376045,2.4511227382263066
28.51295814885148,13.82440940006806,31.4048242921177
48.78851733375498,25.828773187477033,94.43150063631055
18.68894238363264,31.275975857851915,26.40137443294726
15.368749795280745,10.1031675460418,7.907552469023714
37.82051573395984,77.67918498594997,31.273412592575124
15.093206747827027,56.41330342623957,18.27797301459675
38.38533471314218,69.38977653633674,49.59117364911462
24.01831386561241,31.205163394830045,39.57578824036187
19.6382810310364,59.8834933168959,26.55165857943262
41.755075992753625,22.712977742962188,74.63147079503392
21.692345367099435,73.1358137724405,19.932045032509848
41.30120838626326,78.94008819337331,31.09209565120147
38.94117168569363,37.523664071954556,79.94245872065446
31.5787025297587,56.27099779731242,55.42931708110352
8.530511734270577,48.114787137270554,6.996987180558256
36.919437281267435,21.712491280074225,62.141047449339744
40.12842728415007,50.86409463598781,78.41449050509507
47.84998035639176,12.969560874482418,65.47777748143427
16.939676189996014,52.10877155098768,23.421322202699447
18.34519604926688,60.00969148498695,23.757038548165507
39.1552377134869,17.17611748465321,59.070131115427415
28.123450889304547,45.622338891373914,52.78496268181413
21.61763465969935,75.30474037987705,17.566646256648962
42.237784394294955,58.80465673367458,73.65892178064767
37.14469860807489,42.32013006691834,75.72405757999326
46.44475344934592,58.62167990772998,81.16332698512461
37.80414777451174,70.31836326511416,46.9960642147483
17.333221520398595,66.49496327066922,18.319496521266224
13.785827133042142,34.17393665714215,16.13082019094587
20.102470442142923,78.49678278723984,12.544146547013453
43.544175068656706,59.08189031131818,75.54737595738423
37.71755427269255,49.345095608179975,74.2990242017228
47.619080019883356,44.73811270176531,97.97393323080696
22.123296944145252,21.41247358521137,28.192927658484606
40.37925435174761,61.4110752452914,66.55344134980751
22.29597673358607,11.763538977146055,18.04509166982812
42.75487974731048,10.799258841785154,49.468370415407634
36.666490083307295,77.91799768082399,29.676314814607142
24.694759766669154,26.448138349716693,38.2487624208411
36.719195451952174,67.19896994109095,51.11027133353763
29.58936422350313,77.69246926793024,23.292303445382245
7.325092474608249,45.33569188131697,5.263741063010007
37.33042762951475,70.38483298044252,46.21980051422811
13.066502535850551,66.0002437234577,11.457973392906085
29.871818407334537,37.75875773929742,57.3068720399377
10.927176286059211,70.57070312362387,7.009710147291737
12.077294368087191,31.685150144636946,12.24655702769654
18.05204893830966,70.9989823933598,16.5237437368779
35.27163473940041,65.76769780339606,51.11829993486628
16.271055445662455,53.74118697248992,21.52259891220081
30.72856924146869,68.29812637517898,39.825160090969774
45.77391772165672,10.850974003417077,54.84789415032366
35.33089635764567,13.628505938381032,43.71423548994832
29.698639928481015,30.134291033057472,53.469043301596656
18.804946978496353,34.70709524166496,27.809577985847746
32.95816020723245,33.38349759681385,63.708275711591064
37.97145727656262,38.31691699017088,77.7466488720904
8.075894013948137,64.8631889738875,4.869625557833093
17.85912460667177,40.29368157194838,26.490776493781077
35.844974744985564,33.271931000409836,70.89292489674025
7.546354526602203,36.174473290896955,5.333547848994459
47.50018622124365,54.921407810899076,88.31850345592092
35.21656169002431,54.25975075463479,65.07607814693523
13.954646253174655,39.28337048715961,17.22992022992627
38.792290926349324,17.09610282872114,58.15221415197041
17.503374924037054,29.342337592609752,22.883945031793193
24.44085174175277,78.62581186595295,16.668949686876815
8.037614600771988,46.30906960664165,6.282429628284644
13.07141069054947,77.9473581786821,6.335990108698928
10.09865771273589,38.25207016531139,9.466835771378568
38.204824317557275,59.31880996192117,65.5937613275302
24.02278866022695,34.25669175669027,40.93572932356474
22.892557034879175,28.49933842110475,35.251426724499666
14.239982241805992,43.8127788291223,18.088324958305133
17.08401902304233,30.122316542807507,22.239370829379922
34.55402285635507,77.79761321899245,27.978537481206004
32.16367402517188,15.38856269454764,41.174120204967295
8.401262623433015,76.59962545918961,3.083482267181341
18.378085563830012,16.44468902577328,16.799873237488494
31.95700642176717,53.655414480318626,58.36595929614443
34.18271690534097,28.718141950027892,63.67013158516926
5.679980789651377,77.55107586181303,1.352161654512607
16.29018705609961,57.321840163678324,20.51737940924745
36.79834414454193,52.700519195564,69.81173326594487
19.08083273961417,28.976737763484604,26.355433421697626
31.89507272162164,70.6266943528184,38.08606515895569
47.6030178015528,17.413406308263035,77.04035121576567
11.967287566897394,76.13153811481557,6.153222055912383
38.14408527506566,71.80956773808411,44.46539214337372
14.118468536090441,51.13101097765813,17.306069540647073
36.55128174878631,57.607831981288086,64.48299735994662
23.366826089001414,11.077642418391594,18.652439528510765
31.23167255619184,27.717107742572612,55.483557731233695
25.261441076430064,77.03067105586722,19.72271829567978
22.956589293909563,68.78611246650988,26.259207655158292
13.4843272587163,57.072234861752015,14.871896849916883
48.96531294975246,17.132517061105574,79.10652567443921
5.374397400223641,40.350795484283005,2.84620344417695
9.168146737311524,62.386904477336195,6.611453245082421
46.15468987318515,40.38146808961312,96.34588031456715
16.642023896994843,40.40823233046268,23.531083627646172
37.55515180325005,10.633791310625968,40.16003770653683
31.525429526811372,52.930417942116534,57.8983940442516
33.695971110317096,26.941545598661406,60.86616695506521
37.1323725520157,16.39740404322435,53.261651955405
13.967165141006037,71.42290326581374,10.49616114978129
38.24254178269548,10.962188780794168,42.24806778408868
16.176931716641008,25.00845380952152,18.158504630673182
17.186284761663764,27.329183919592047,21.320096715535527
7.813683308428058,42.12583616177742,5.935703387037063
37.97300636537743,52.47122073022055,72.5247449953025
35.27922508691359,15.680442497536742,47.999002177982305
47.81708195795542,68.69442836901175,63.399683415958776
41.22906433230482,67.60886635292373,57.06775622615801
46.97197286597426,48.09777762795884,94.49928047091855
14.012690804043165,53.17485254967788,16.75322339885994
38.42966721505726,61.65421753478178,62.77442033882144
28.465206087509603,14.792110353350463,32.93511518551338
21.70008222935575,74.45366259243501,18.575113157561496
31.30020093908417,47.68323602789994,60.135309162397
17.098408147198707,35.79142439416052,23.93520161980144
45.290574011892616,56.6524133268785,82.08533866416148
40.43241620385498,41.80417961473586,83.4821586777534
33.36112487552711,27.386852612024526,60.46455809999098
36.745737362756884,39.93209335923361,74.90361547801443
24.91454816666355,55.452562720381714,40.908397201789214
47.1326279661017,14.480444262603465,68.58276420010525
42.11344568061534,30.466817728853517,84.18087248216439
24.976375452787003,11.533933014250627,21.699461159807296
18.547073502544087,45.18418698410913,28.30071364615931
7.5279234806347555,44.37670105682156,5.5456481699782385
46.71997829862923,17.377525267546368,75.1676090211026
39.3998327633977,38.67697373631948,81.19037086216868
34.48281715359521,28.216561858966056,63.98867462526012
12.177151814361123,21.232382998985848,9.591786845524561
8.172137553941509,22.99526934308701,4.745114662804863
34.88987232450357,71.71834282904555,40.39882762086904
41.63565585160228,57.959401691213884,73.74869292321529
9.96943385349962,30.243121240716487,8.346588218789952
18.941309389511105,27.496986247833487,25.305062986352265
28.17525468693754,47.48876704157708,52.453668354205725
21.05986888269996,34.76524111155052,33.47298002503463
42.28500190577366,65.250499382378,63.130839623722515
18.850812425633556,73.96519107112815,15.316417573964365
47.87667576511277,32.87197794210286,98.6494180394915
20.94912269568747,45.394390739537116,34.34546877365864
47.35043656401531,71.34236031996181,56.42783467863985
9.615558316261541,37.49115202899914,8.58034236842656
29.90170353873973,45.2192730786078,57.38286268682779
13.72383805716017,70.11717398177083,10.774044294136516
35.462335234857676,68.65358623962625,46.69140116082896
43.64439257072625,62.384909756601786,70.38988638034307
24.76447705623728,52.73827285107972,41.97423647472209
12.216443275388443,57.155179223243536,12.450893376651967
13.066396508267633,58.57647133571098,13.711929510292748
15.33191723392859,18.228591010515398,13.094450913687426
12.437802056433085,10.139449465334918,5.28186435789097
37.34328280340886,61.26807343408654,61.37799348378727
28.172000746096675,21.29539607387686,41.48997294108008
8.759945187981039,11.33902765061009,2.9570793343807615
12.458667963434932,72.35988744882027,8.198401870303572
15.869157876575679,34.7989929052051,20.842834233481835
9.740546801659994,25.56529133237192,7.184486085777434
28.36510568510923,52.542687816695675,50.73757673730376
16.0408541374795,14.041251145758205,11.479218707762003
22.59647911073294,26.39423596484339,33.16898658612474
14.879926545341087,77.19039618994186,8.420494695930199
32.73352186665758,48.98149102204671,63.03162874948345
23.709879658549486,40.0261033401101,41.49674055516495
29.340725172713636,58.75008649252751,48.39161908715709
36.59657432818233,22.01857353938147,61.86161987529572
27.505073843448216,38.837066652387136,51.31810957984771
44.17371348212229,54.19932448528635,83.17967931318117
28.96268298871918,18.077624952524218,39.010362726598046
32.253705019553514,18.20427339761634,46.24697732754583
20.174295900458844,19.99893753700323,22.987526945748858
36.143314116096604,24.437647968530683,64.02813664819809
22.63367179346117,72.6972344333145,21.71943381202989
14.194237252953663,45.54635447711454,17.964060601317072
23.86722475247099,11.268682873201081,19.654256749952005
40.674115110776576,14.83321344202198,56.92883520183736
26.341475943962912,49.2474806457265,47.27818629354863
33.27919054765642,58.20421405155129,57.1986442713865
16.39725725852218,10.698514366091455,9.425879644748553
37.55496480597104,47.495961954330504,74.9844321741889
42.62529664432619,67.4971854030486,59.2577723811678
42.949677550454744,43.95662619856781,88.53973250726627
20.013277812658956,65.40907418139591,23.864469310830813
25.308235086316472,22.840953748240416,36.609123324171
43.47383088026635,71.77919137406431,50.99582036119654
25.983939026307656,15.298980911685122,29.048891406444653
22.452174046261906,66.24763616238224,27.721121326557267
45.579831284580294,24.243091974831707,85.36341293961863
8.013812541137218,71.41453171929871,3.7728128037241184
22.523222254049386,47.92326749872943,37.99402477073837
48.56296154228415,14.6595309539956,71.82187330962284
34.1743103353443,15.187379580240695,44.780935710221655
21.896101780992517,66.26701816354128,26.686351663136357
24.506250474003547,79.80276477320653,15.102734378968925
30.157667822597098,32.48135068451674,56.06331490089272
14.90500966571389,34.53643740003133,18.62227847552675
21.763997319179786,14.809957440677268,20.894847666045074
21.630838974204792,42.49669638174574,36.20994359717322
37.52319885074621,55.97106393051256,68.23004367915948
36.89445448531194,10.585457731379996,38.91461210562246
14.795032981124121,56.317900187989956,17.685806938741063
26.779521568088622,10.371943296784217,22.44774530076163
41.202258909432004,64.09667013032362,63.533068275582195
29.678862334710317,14.652432804339048,34.99465600553074
39.49317722896631,50.859951141195474,77.07409430719471
40.18819897210816,62.62228946770883,64.33159157638846
41.13509323810267,46.26056464832374,83.59327607173529
11.314603318708174,56.98102313657821,10.866565803885804
32.92132032733868,61.957723103936104,52.2196671613464
12.644645272283089,23.648263993020244,11.14148980291756
45.06842827486978,62.498445891644955,72.43087174962626
45.87028199151453,63.11007248147445,72.52926862044308
31.871988769563583,55.789291591951155,56.48161781805959
45.01075657730045,50.51647281583584,88.62076794506285
33.45760959477744,20.95337012025204,53.1243977058245
26.326454905224622,60.147797837066925,40.73074528411767
17.192421424236443,24.157792636717446,19.781507370214094
19.122206370098702,26.905043959498343,25.40548261980037
14.671068666637813,39.739559000766086,18.871360890837078
45.852733124759034,45.49417527171028,93.98272957991554
13.456417136689536,15.388016856661185,8.92508565423213
36.327026531206634,36.79591351054715,73.44009456729115
41.982392596341164,56.165753804853914,76.70271379355886
40.830865274361585,29.036222759291412,80.00620696929626
36.15615151074762,28.484338928560316,68.32133186297273
47.25808157526312,54.54619970733621,88.38195372967519
19.603031007890394,28.865830360459086,27.51974170066342
13.591696328223957,58.62486712256094,14.688093116597683
14.842202584906728,51.67122861492423,18.78743707430317
16.90857621164108,56.3378261355708,22.16879559376484
41.67228778432426,64.46176702012572,63.630141218988584
39.23830989188518,23.140568398457646,69.53550880822968
8.977322614303342,58.92641799411699,6.837580262162462
21.57562462074581,40.26423584823431,35.93860690174231
6.401709175702598,28.170351449253445,3.3981877921195336
6.515438174350881,71.54300408208734,2.5169278086174
15.95285074483387,49.01360187011056,21.69208696646635
6.754069429750869,56.67931739139606,4.122857994201651
19.53623055893422,72.8543430870366,17.188181131699046
44.965318502031614,32.77034328532234,92.19141905221387
45.543240306071056,79.73103714491452,31.968592521963814
42.14370488557766,69.14099434286604,55.2071558150782
16.205393124909044,50.36916792004294,22.071879445062613
8.026516128531554,16.64425557751688,3.5255881481110554
49.950167541498075,32.86474745981377,103.07420943333024
38.66827604219809,66.46655371187715,55.40130082598939
43.61104719532531,79.83398081815096,30.363683022783594
15.867341836559053,12.824557880178979,10.409376004765683
23.50361830975637,19.105646888026286,28.871860879269477
6.009165012292481,35.229877899904025,3.3888185315933463
40.26822129838564,49.63264838575496,79.65120139256845
19.075009514465933,55.80394038449038,27.194028702092762
15.440818113896482,11.006701225045951,8.62312907841017
39.39590238963923,53.662015940480636,74.39259835678475
39.3036181025432,12.725661168136593,48.94871656702754
42.670383252379345,53.36683400254123,81.22736876875128
30.352790782068805,53.72298336801721,54.65478361916415
43.89949610907638,51.08555545912349,85.91146847682263
31.142767094968068,79.3475409946036,21.745176304510256
39.05285751808556,40.96056638157947,80.38325747535387
36.83286500148175,37.2461330184252,74.79430030601858
15.299395811757455,51.77963138214316,19.77856213113875
46.768194415127816,75.03976640108239,46.17228157833695
20.385737514747063,46.93742263551865,32.74257350710926
14.523615435643753,79.69417766492184,6.584206668552874
49.15030585405711,55.46562507952132,90.40704913571268
41.1986326854863,60.057011289859,70.01175352933964
31.692119856776067,13.73435978922284,37.0971150202947
25.46439541486975,57.23504115171874,41.051401061274085
35.488922624765806,36.11858328956685,71.16981549479964
47.376139399611375,21.714992256574668,85.27562688676585
27.51617507970023,58.3618783585576,44.77731266218948
36.37111126513142,55.40472697381709,66.45348863789681
17.38796960533371,20.934459808063536,18.277155560363205
33.617314707201984,51.95114812976064,63.34225153200548
13.071020463015843,59.35974018993944,13.519107510288999
25.48273962801454,56.743241412220705,41.41608350150927
42.68151858965678,21.88099000038462,75.3785695981478
5.861519059857651,64.53718104770508,2.6472931108409288
32.43638413186772,58.97476987354852,54.65394049630117
42.716973874488914,66.19676543771504,61.966536809004204
48.24140661179711,47.51545551964828,97.41833816394514
26.98230346969574,38.132103992351105,49.817092440474184
11.916096927989205,50.08250630174157,12.887788251980819
17.465563594669046,74.49152585490829,13.135755125738738
31.24358619246939,51.49881263556771,58.15033242367073
20.97160973946545,13.639254638439525,18.302703345256322
6.428469441784488,39.63346009072383,4.0217503469949945
8.805442014375704,52.479286887809735,7.211825573415412
44.643785253784586,71.80403715631056,52.272940134805864
34.65704345595046,24.78622820310517,60.906863996916805
43.834857411149244,72.02654047192456,50.82475547061357
13.849411322883142,61.61982600394741,14.27898299835791
17.893379701720534,66.18482186470507,19.491494377976633
49.87570549566212,12.101820373057496,66.31054000295262
45.38146396059194,53.584137351906065,86.14544423201468
48.80221786241695,42.550666226849934,101.30979389015758
43.13245687571182,14.367584801879406,60.568795552428654
20.087557253523308,14.691157642584699,18.007929086584404
48.89044100655818,67.18817350902857,68.22366312612947
43.36463395606867,75.6575662003726,41.367452292193086
8.829656875390341,36.99183147593334,7.26410954106431
8.196570006980096,24.755517108502005,5.036870631678436
15.321459966695256,42.83750477333051,20.540690049082055
17.085297535413915,17.068467477243274,15.168946639810827
12.537099009234847,20.309289448646364,9.792659557968994
48.78845590605342,63.15047548429315,76.73589667071238
48.549265937130286,40.7818340555536,101.29515209367595
17.526581674819546,65.88052380464308,19.020999051868355
19.681426311851606,30.95683615937438,28.65491718748233
15.462769649352403,19.077528475696475,13.79396781226873
16.54083774575447,34.87238239317214,22.416303026072434
35.32973936655787,14.37953895536161,45.38036349092945
14.472812284940433,66.63165482041734,13.439024185242582
11.611486561269684,33.985160256576506,11.76575501538303
43.9096514836163,20.844771780040986,76.3205283988081
8.723157602818546,43.91765965560076,7.353026511243416
18.608878007534138,49.43858551386979,27.935122913376556
41.17122007175638,19.60039417069202,68.12345668528675
31.131458804942824,45.38561322729048,60.430896015986086
11.48354537059398,53.67989398702877,11.66920467089053
17.313818803734726,44.148402298080875,25.29242686045341
8.702254592467785,42.170884004953614,7.292588069584822
18.790856061926917,67.5666847829748,20.15433485642534
7.564042714881572,39.3025092442831,5.49942401906565
25.62941408591471,60.750425340938314,38.75147375081033
30.842940879059494,56.70486360359267,53.44517673099067
39.96721785432903,70.35420815607321,49.81137769759805
19.124397352511174,47.661589375473206,29.491773740408107
42.80486352976399,79.26157916755395,31.368104226193907
45.02836899696934,36.00270838370638,93.62363452312995
13.782493274839268,44.25747761846121,17.077903337683058
38.373865332621904,44.47983495273083,78.11522993498124
26.743138849115084,68.67612947572604,32.744014348726054
21.263170058023384,70.1856272368152,22.151898808532184
23.30621604282756,32.976317397483754,38.58346590657436
25.429546003986456,63.37128710724079,36.02702143918604
10.670091253879743,23.749345111041215,8.120672449681773
47.81501715483914,22.284413916695016,87.19103830999678
30.547729306897455,50.55201266633565,57.02452497536947
27.033100792261017,55.1321674003773,46.034528361161975
15.342202660892829,48.68635874437238,20.33042148850119
21.74779648611037,56.316708174043235,33.08957917128763
11.355059451791725,49.961419178763336,11.813681177514598
13.337165992249567,29.505014418052546,14.154991832124564
14.841941014561245,22.798644590817197,14.594363614104326
42.156992820230016,29.999529736262325,83.90434305137346
46.72057018390022,77.89485677416336,38.13532962185941
30.70672114716938,20.010078586600848,45.55619673064886
21.854670952081158,65.84125843437498,26.963468588736742
21.53258279136817,16.09120528119521,21.88190573053498
30.055320991768458,69.15845960472242,37.50806359549
40.81668742145761,22.258619809124728,71.82064999815219
35.274407648561,25.4352984404953,63.13263697441021
14.81933905484775,71.18502413136295,11.762468140973409
16.235102873310357,28.427314256260782,19.734866894238888
5.02940258425848,70.94683238878623,1.5604535296115953
40.666766594411065,53.91302545634746,76.71213606432113
38.761959377247905,20.643399719714424,64.62585961626588
25.624561756440894,34.58535711441466,45.234503004975394
9.219943681565741,44.029133965044686,8.162165699402367
46.43328426541859,12.804138333548615,62.35190748865013
18.115741107220725,24.527865534399243,21.889206782564436
15.716599414956335,73.59041863155628,11.566186748852681
26.063107440543057,42.640958905787315,47.79375138623952
39.2259039104877,20.814454280344805,65.95363749431502
26.926940934502284,40.09896498847418,49.96596437943919
31.860981074599525,79.9690392275307,21.145232262228955
39.62520023369212,37.8505992112199,81.61810014375992
42.23988735233211,21.949585431873615,74.51779332776634
6.370865883903205,24.31138607249911,3.044724555012155
20.318520025141687,45.74065302216919,32.71098289706597
32.680811324353996,73.74240020500952,33.834444710098516
27.943430429770597,45.08929512380106,52.42322959650539
7.260935442034196,12.443808685935666,2.2247516017024815
29.80219828623674,40.672502927384116,57.50726535220057
42.76311777411344,21.247570929829163,74.5218258390957
6.123724795267232,41.43271375510881,3.6943910734940304
15.686535053851587,13.473006133718622,10.6301498247575
37.606922908143304,17.811509997007324,57.041795309633216
32.37437750034972,29.67348251168224,59.9159050771092
12.80732226597599,36.58260660435222,14.480455773590556
41.065059930032916,37.44655038332009,84.92947017446143
38.78463421449751,18.784040775940547,61.41691612388208
39.77471388492856,26.585332743465404,75.10955157064625
35.482690844999276,49.60470883886975,69.10041124552023
46.81151227452593,37.112576258271986,97.7464842162986
7.97743349754982,11.340883988587704,2.459335737352446
42.20863524377389,46.731494636300255,85.66000643415032
39.885982332572716,26.40979200080603,75.16537047079034
20.52876854809552,12.107271054792326,15.938180528948264
48.267154605835046,56.75075346905694,87.05508573348276
46.99422894916878,28.584748520035063,93.57927151127821
32.515862505154736,57.494997780484645,56.314344481881946
19.289736511591478,69.3676464510941,19.66677082705115
47.622265830511154,71.9398582387203,55.208139645612
38.25801391727176,29.42252758074678,74.22256917150037
17.67272189475343,77.43522243122266,11.064313340894097
5.462802317106141,60.12349812695011,2.5675887717731416
36.7810773149868,53.58826786648582,69.01776892598319
49.55489807390896,31.831560503460768,101.64504740081385
20.298733870696168,15.525758206258889,19.16856774739274
24.925916144468186,28.273396836439368,40.13504909548496
20.45240159799399,68.42002531789393,22.34983220660452
47.096803108737305,23.001315040362996,86.8211949954809
21.762901919905964,75.00413934807759,18.067699642883607
7.781380731015019,16.465236967796496,3.285280464409892
12.325594514280322,51.664898388881234,13.535430564314266
11.771252195269886,77.76534670155135,5.317193916881979
25.102153726633414,45.106257224511644,45.10250582081601
16.09963771124329,42.967217670431346,22.370642010453256
34.78611346866552,62.58239958678299,54.89777183632894
38.924063721946084,50.452377888586184,76.16474264356398
45.69618987472357,67.21854931142767,64.01897989469121
39.06716516143815,13.892386517632243,51.47257761532316
5.309508299884219,24.871309403683107,2.160001297892832
34.85856172610535,38.783824221778204,70.18306606972686
23.10828166846903,71.92108217607296,23.24948527985957
45.30032816593274,73.642268483751,48.4275653955683
19.124513443176227,58.37390689174832,26.197978871804285
17.22349315734663,23.342688315211483,19.392759115358203
13.308460580631614,33.94753346045158,15.10202855251971
24.348092890091976,68.16644197385479,29.260260206509553
10.395099206272043,61.444809317642594,8.54072948629981
28.91547113851874,30.156173987319473,51.493717159186254
27.176881303977108,30.995944884391584,47.56186686378358
31.82368798572377,40.36907459986709,62.678249877485506
12.398248808549543,18.16081521889877,8.775295255307677
29.601305693245855,73.16891233002724,30.803524127189196
20.478095895095848,61.31000750558363,27.504051490405164
34.63976097228951,75.20884400166366,33.37506057161745
41.94414577846134,49.66236812338241,83.15095635281557
34.56637242053483,72.88705266088243,37.79844363379316
22.978345306412066,32.87562941004441,37.691335001831085
5.486498763583835,67.85857519340249,2.0942436286637687
41.04413151815142,17.3118162670106,63.312272384085254
30.958582150971512,42.47871887168212,60.453131607727315
10.341909297910016,78.63977589425065,3.909055931106379
14.661314935850994,14.70639260633928,10.095142017810801
31.768132077585932,61.72066739931228,50.28017469174266
6.459955072123414,56.110234710891554,3.8137398747976805
28.95313441781545,17.22855062125339,37.73257083507276
12.763574462586293,49.75820081212564,14.623719086756887
18.336092608097978,75.68210100559213,13.240811416866975
41.84331032678229,78.84970445595641,31.74708565669749
16.685187752768627,77.88065429585839,9.724642779047059
24.405524140620106,34.326315671962824,41.95940720140792
7.265728713620896,13.693568050172184,2.43615425042198
36.14050651759946,42.05502961038195,73.35584454358299
15.193473171624756,52.97792144276629,19.315353188291713
16.378615321255005,50.43422280410958,22.462813035006032
21.164393614221066,67.64865586282733,24.214196638675865
41.93132723450507,43.41452786856809,86.49378884844973
20.7868599200757,35.37918575913662,32.96078270952474
41.25715365506981,32.97256379583284,83.79438518062636
14.40767181680807,15.928183931271478,10.452370832113496
26.00119043979838,43.749246924388935,47.57168783395065
42.84089196813082,25.486708751224477,80.89988194612545
22.144607315077995,66.58840172255836,26.86376366149605
42.06306248370381,36.92277531851377,87.13441986840165
25.66058104790064,31.230012359449805,43.7966673544197
46.96496952886904,18.30506360191062,77.76545947747346
47.01872403506615,57.87065162847403,83.27808004847739
28.920746870902903,12.28613425491471,29.352683414355088
26.401828631990373,38.542367350191256,48.3759017136774
12.254846538880514,55.948672245045984,12.755385029831624
48.70179083157286,49.35321677451676,96.7565573418142
37.16389743997756,14.791531679621174,49.874139719192904
23.795014811764762,18.14509396151471,28.403729530260087
32.575812599142964,75.69375107499083,30.117539217705588
34.77999796122373,15.376213382009507,46.3806079787423
20.959979224328727,48.546436560859604,33.916441758724076
23.14434902599635,68.35508073326207,27.000024082284757
41.660195211949514,52.8281714072255,79.78487310364342
21.805607530971738,27.87354616342709,32.22028170159338
9.764344319590819,34.84283784405878,8.602407993190255
23.59276327434738,57.307604757285155,36.75597222755645
34.617192093390805,14.907569774887985,45.08753474364254
22.7866691944021,22.724520705215333,30.784594915206988
12.056571739256256,67.91115048160722,9.309199147397267
6.886184752231589,39.34280131314849,4.5896885898253705
12.56916450949332,71.55311509749319,8.652180655364337
30.06682309737658,26.19664454637936,51.219344576548934
27.609227922486937,61.204045179218106,42.47090780377384
48.11531040137452,25.431220297179326,92.48153893325784
44.87817974582053,75.40128799172432,43.451585382011594
46.23892450394298,54.47900498033369,86.64128234647568
33.341929449561846,38.22474432286759,66.28957438594624
38.85790470367046,47.19058128456523,78.08313769007307
35.48471320527325,39.99205326941568,71.83592759376334
37.91734088194126,67.71300623231843,52.038269885814316
11.589631547126725,68.30508009019596,8.542709119531757
29.313343930563825,69.12661363631571,36.37184778936285
24.40857678534566,36.532833976812455,42.68008053949348
46.177732963275005,27.581848728388092,90.7808709478421
42.98955463787644,43.88144007565829,88.6626969740334
28.134294914806688,31.592779704263883,50.36208191109192
30.786899027855704,32.76478373933479,57.84350028925323
6.767123640874354,29.039902374104923,3.862255865290078
5.287056953296581,78.48483509397997,1.0921034382915218
48.45862444188864,37.66087082306135,101.31599142322136
37.77668844528407,34.20642688872975,76.092790825875
35.199192068868925,66.38010301321853,50.03522953495187
47.60403101115083,38.01485930947704,99.52643111720889
40.248409233022144,28.614991544248316,78.25101464299937
49.564953670714175,11.80387191350458,64.73203354122126
32.15879629255044,56.1654187155929,56.7785196809199
35.9620500683358,18.42713051523623,54.65322757526984
47.23384025629087,22.682829533505796,86.60742110840658
33.02390314579284,25.587325538615946,57.85925249465038
18.824738765957193,48.25209792096871,28.660296652532182
23.773703835405943,21.21579206835544,31.57466479694884
12.692138108938174,39.27013517139598,14.535478974932092
39.077734022397536,72.8575252793452,43.41192184747025
8.785744801672228,37.517273529158075,7.231899445465849
9.51105036752945,11.161473644281852,3.4261391635237097
34.77734071897805,52.171460937661145,65.79943370149142
12.33586012166988,26.366898316514487,11.458024005973476
6.066848914003327,68.44630439860826,2.492305998895507
48.86107682218481,19.482167575628356,84.149751680929
15.416384619438416,70.78866667628537,12.8093149152503
46.690870908028316,39.37391679647672,97.58902619882727
7.278011252108335,12.757428358497357,2.28979633581084
30.82774397310547,37.502657622522534,59.71532485167986
6.289359240994453,50.827667461878974,3.8346533195277774
5.5086141465060114,65.11603707044911,2.3056913587962558
18.78947702165172,12.818060210646248,14.234876551598685
31.4758499442419,37.83790901031383,61.464344221093704
48.82101860107173,48.09390637525915,98.07631933510365
17.385763146665372,59.660720524378235,21.91592488375558
17.21714011442201,73.29703039852956,13.692028383698874
21.86248867283194,48.49079939433437,36.193571133339276
7.275789672090299,39.82848665665615,5.123333960388419
42.45635928474477,66.39541637543394,61.20459848195522
15.094335148408682,25.825534970739387,16.36904481076102
41.77873904959566,75.12788941185279,41.150744099671925
9.29124145728516,41.50410475983577,8.23758788909092
20.185442553390303,70.94819188202075,19.786738503459162
8.758621160600844,24.778815979062617,5.734927008398421
38.861075191392246,13.590569428685091,50.34403523656496
27.16409213214302,40.9474924275804,50.64591922180061
20.04805305449369,37.620062072324664,31.61393600805753
28.847326411860482,21.29571508718682,43.0315347454486
30.739814522761677,66.38026305099905,42.51403600243116
39.20724184055716,20.77299332856416,65.84697633745698
11.716226138366325,28.77220574214393,10.987310436506116
21.248362685346674,38.59189069859379,34.868066034159625
35.586374757500536,13.967630251608478,44.972367270874145
6.560271690172987,37.43373940607363,4.113461256261801
36.37236614620912,23.54047400695378,63.426891354042475
33.867701656531324,28.18796965582096,62.432943928140645
44.873874896608235,72.69829609866315,50.34760185496595
18.37792419265969,26.099562777426836,23.31779234356727
23.508678742980408,26.83721096261041,35.66316399501669
35.25727294812667,67.82452791837999,47.77911886947821
35.289145891004765,67.70453130745446,48.034149827623054
22.864647299336337,20.942187949620262,29.34925444073805
38.207792632891646,35.23321535990877,77.54555135633535
35.20718713531096,28.945075938723598,66.39507602255787
8.65533356630027,79.48072568414344,2.6000630359932795
12.029067856876967,79.18946957744367,4.924213635302908
48.97759696549013,65.56726727356278,71.9603512092138
34.67403329368989,50.44649351757593,66.74515144420242
43.97456954200256,30.260766513364157,88.28601652874394
26.045654561819468,53.35729785565513,44.747464933328814
23.503571414127098,39.924051786318756,40.93932179214695
19.862810037593796,49.496227167917525,30.986543933663583
43.27585376068022,24.1069864604419,80.06014336700387
47.049486743904865,58.23613576237608,82.76973050023221
42.04729457060136,48.93334848410081,83.90419048492957
40.078251564082855,11.134027813762705,45.900319601308915
41.827119115079086,12.809720135975656,53.848775213415074
45.04610193632881,79.43739230670504,32.4772023711453
18.233035797955,24.722298940005558,22.253813098461865
39.44135137361183,27.711843864417727,75.48474396972847
43.950307242749155,17.19898145102337,69.09599058950299
10.667983837071121,78.5406088570431,4.1750078744620005
35.32275042215021,69.2821057100267,45.39341653819006
19.59482198081831,57.35386246644231,27.70531251058395
31.740882228886875,52.22050840860629,58.866913547885154
35.71396067919747,50.2751421190369,69.21382703441971
24.307806618619967,29.314588606638278,39.2581372560067
39.58615989109409,25.839070100223033,73.81487526354968
36.15594377694864,26.333297585452865,66.21943835931442
33.13985764795042,62.295478699032024,52.20982217977369
14.842125000794264,14.19603106029158,10.026997635275734
10.893818434737835,52.41978770897178,10.735564544554457
43.2250882801581,13.149777486479707,57.424775440498706
38.036806656874084,33.892305216503644,76.58060163508758
26.533776646378513,75.02016848918959,24.049995855762223
19.938717713113046,42.573585375764026,31.85793508649651
5.61570866423065,15.711910400338684,1.6576654190511644
16.63662160106528,11.949656857475208,10.689182274090678
33.4118896721713,39.847884976113576,66.6736269811466
29.666534122760993,22.22530301274307,46.04734865855162
18.316941324647726,56.46771323969076,25.231740348427003
48.43862256336799,13.529174152154644,68.28630896182698
45.067294438486975,50.38168409178459,88.85420753114343
30.376380504003066,45.01949746454322,58.620834863006884
8.122733865688252,16.29137962153125,3.5358681761253625
32.041040254658874,33.86710000048908,61.59693140303231
46.27706299599563,38.46133761516306,96.71132714435309
11.447665641618848,60.03031834514252,10.509893613747291
18.200903964845445,46.78292151491252,27.31701989628212
36.40247534773265,73.01848778414492,39.840357546011475
40.648603766075425,57.345274751090685,72.72074958821874
35.58349320778146,76.21472508224606,32.33657698651058
18.31208438734412,10.077846593733119,10.985859145299246
17.23795517291894,25.25239657387208,20.439012773976938
34.78255633012992,54.359811983587036,64.0534366645774
31.705762221712572,11.137041024661759,31.668349475330643
37.79501245027914,32.64712887398441,75.34721954429101
34.9275195052984,48.96048999515073,68.19245403634301
20.422891644255824,19.42033869728754,22.97945576102152
9.248850394721643,68.20628331785565,5.64363883488486
46.32788939367011,55.48516327350097,85.49992621412238
9.654535168721752,38.14190518217685,8.693128062565327
37.80226400473207,64.58746188070477,57.19513299019443
10.319838003098987,10.002150319176769,3.6282168019165515
37.04616706462723,34.9617323190344,74.61276359960937
16.45165992282171,10.902822885266781,9.642025991669085
29.313473304267486,69.58055147981872,35.73295087605669
48.09342408226645,49.60214654293024,95.3857788388581
28.150759748295236,15.953946984246876,34.185949435292734
29.69927606941699,36.598535527577624,56.55812339975582
32.32108763976096,37.21084435135827,63.48865569382489
15.813460555266504,16.647569265986355,12.896758345018311
19.171330006500305,16.76513840014266,18.4061684985359
12.960362787079276,79.11353110056821,5.670168341565692
24.98466006079784,47.23102365535116,44.422277966310205
44.31283379317469,79.68982303434815,31.251107836385906
31.22215022051067,66.87316747309202,42.6694999036898
19.712346095150387,31.402077021310376,28.913154990933226
23.121667444755207,57.07550838715544,35.82722579592963
35.698626016479444,32.06676042546155,69.86355800534464
10.99444658614829,54.2677379525856,10.699620603866238
10.774663798494403,50.494475576053105,10.693206518408491
36.20399576253391,59.04280474761161,62.119401024829486
38.90624497968185,71.10015950959652,46.895093077426836
27.49815463841548,61.11744326706998,42.32307967907148
32.86277309146266,23.06479578583778,54.57275065455861
6.156034019123368,29.917896997385363,3.267104107390502
24.93651678519287,53.19741611000594,42.169527040761
43.24816987264424,23.737200169431595,79.47525952374303
10.64974054543147,77.44359632320293,4.533203764004295
9.862005171938321,43.49437490750324,9.263976025777374
31.350367795698585,47.89620946352068,60.18103613852202
8.871447066482444,13.991883980253355,3.6731994519502407
9.746754235746605,50.99113787108288,8.840030466365366
29.495519943544448,26.361855442572097,49.97457148401246
33.69983638305162,67.40472514389546,45.99003930562875
6.871053193096719,44.86909604836297,4.652451922609547
36.01896854462106,27.661834894878094,67.23666819341136
18.84969073819171,52.95465320925687,27.649486764932405
45.40708820496816,66.69470942120296,64.74712051903497
31.240859859481258,61.115520243007445,49.92481917901179
21.417011159350942,54.86758696691304,32.99830705256513
25.978171600740065,23.295529552029265,38.596342032469025
36.57822232447657,48.95252461441754,71.97692864795599
21.137971187911614,73.79374330550415,18.507038503896364
5.9420353022029975,32.10412058746472,3.1722130756268463
7.559662899994095,63.6569121355139,4.4358412496547555
36.59483543512067,33.19465531154219,72.70335356440172
35.40483059931829,37.71560583371649,71.37442828189442
39.03142061400955,41.79285639156943,80.25317316691059
23.55258775242495,75.43109408418107,19.809317314057736
16.289559495081512,18.43131379975958,14.766679266706662
31.304440096675616,77.85252685989252,24.72240164391389
22.0027646177234,14.342573454014707,20.758617390714015
20.268737028930538,45.41521580236909,32.60796080088533
12.286535298449618,56.06715526395444,12.789247916455265
49.89872250545903,41.62176331870107,103.81878498905897
20.96278505285957,38.049291678412665,34.033370516852855
10.181578027784052,71.82915209983567,5.812234450772889
23.66715449846084,37.109208799738894,40.877592267636025
34.686062281871344,40.94233946517865,69.86770417344944
34.17050609635307,14.301240309155126,42.95128505072027
41.61755046750024,75.83527670155819,39.253131265835954
34.194442377172365,76.81961502011676,29.64861423906608
11.814454146648348,43.41913326362476,12.935074283835625
32.081303027545125,50.72156531948307,60.5720093837097
23.065780059006947,33.6659086556383,38.241935135680464
10.707081014768846,37.421971539359475,10.495685089319354
12.319736679746832,61.40559735445529,11.655634483820728
14.39739209725655,14.09957136991737,9.411164193510077
29.856476201775543,51.666081290358115,54.77602704719806
44.23608775762275,50.38871286923773,87.20964827146261
20.54663841755506,66.21083170684244,24.260217733375168
29.312550193433946,15.549619924183421,35.818886979581535
30.4632752140961,73.56129817951637,31.314542220329592
22.834068147419924,30.742806132986004,36.34683691110421
11.456125565810902,20.601186535475012,8.35264167494632
24.474716795381852,51.69758769130707,41.71983083200269
8.62769323263208,75.7698012317616,3.427576551227128
38.98101278503382,51.063674279856386,75.81946982186254
42.279740192254586,15.613072976847931,61.99737917478328
26.457749497990598,54.106518880316436,45.31515941567793
42.28938077532302,64.84286920344874,63.88657226202085
17.468116237102983,75.8616118691443,12.090801121164045
10.595562864389166,71.25935330348065,6.424223282913428
48.692311232207835,22.40074662558379,89.24159260274905
37.49297288917034,12.819986314459893,45.83784414839412
23.244027131261973,46.13983094383718,40.15276147909957
31.129035165933534,75.51560737739916,28.790487442490452
35.25128092823876,43.68945658534659,70.94020248610806
41.43537663196502,76.53729746680862,37.340587783116135
5.992976690703088,78.7764890579227,1.361741402801667
8.875946257865614,67.00707454881329,5.449369417970016
17.615063864813564,19.25257604277102,17.589802823310688
24.79350378712257,55.076960561332946,40.83920695711922
22.142833026056376,13.819578579788928,20.37261047060021
31.975751284642246,73.16822932774724,33.945407655834956
22.244691467626325,25.143294434157895,31.455141243556067
24.915980566976693,13.385389773414662,24.392716495327743
41.921941301612364,67.84385676651307,57.576893000580085
31.46002085433328,34.71720222568726,60.46842393372177
40.99025140006025,48.8280917351857,81.7478773618908
42.16695388475073,54.20211548081144,79.34668158589369
40.298246294575875,51.8994095252432,77.88600804772383
23.63634806970498,77.05621019482963,17.891496393816247
29.350122119548015,52.356266297837685,53.181865793604
14.921943773663717,53.79555525990936,18.553814808497297
30.722344226732474,22.938687856291747,49.36035336303405
7.681419380891468,52.305152380033974,5.570638395001272
39.366152120764426,46.638095964540575,79.49418414687993
15.204768139384056,56.65653836851244,18.44006988527883
8.6047576974321,40.92835933613682,7.109394076940678
12.351504127928909,22.912133574191834,10.429572717695164
14.103227712119164,37.06949399307845,17.29572703203567
7.301759252917893,37.845540865036874,5.081686820977659
28.02683512016154,43.83059994764277,52.81204765345584
22.225284518136824,68.74026256495267,25.06907049183745
11.539701158922686,45.398772064696175,12.387953868398432
7.791863763044944,14.980897521453683,3.0283746808871923
30.823963235469336,49.62128974214747,58.15705339358312
44.51150807800056,49.05115729620512,88.87201101822885
48.19059591821826,13.408639387995084,67.45289428678181
9.410345815133347,13.084610309926697,3.8805438069170846
13.337458265009301,47.888907765917466,15.972661690747934
34.050748164234264,13.190961056406817,40.34167332759332
47.568690043051966,68.95157636552668,62.49465388617174
18.34756169706919,15.403127115852758,15.883584061665019
12.644918294857577,18.886108962848088,9.400539626665354
10.547770068452607,46.29931820660138,10.479803900141022
16.06313491220301,35.069780157040114,21.348629767273724
49.52774000229451,57.90199742477413,87.33643459887199
47.70413001711506,19.978958852318094,82.7559020641618
22.196276367465618,48.8312262297648,36.96434675828458
8.45411278499321,10.293121053957051,2.5160910319225196
35.16954502086129,54.92736617610048,64.37418133285165
23.48549644998253,44.27508532224228,40.986217142288226
23.694935026644032,11.68035313914222,20.000881461813957
20.09172227978581,22.39575787781029,24.670770515606655
9.429088509561593,76.97043037225448,3.737679426123147
31.971187626897454,61.00593989656219,51.49596166012257
19.19136844697529,37.52029906458107,29.42931015158202
15.661579725352556,16.78759696757973,12.75755970944724
13.056423684871271,65.825983170754,11.503437647491351
35.48956123326991,48.28502131898338,69.84563146740452
26.379044279004564,74.57039985592871,24.48789482523356
8.273072650040078,29.642056926654117,5.776535778045547
20.747203410682133,64.76980685489515,25.71177581804438
49.66315790728871,26.846936033000716,97.51773520697684
44.343830036168626,68.14359323022539,60.239525061744175
15.109582893879498,37.95328061394558,19.66495874441039
23.43527911816336,78.47544679685909,15.873273594963939
13.140135562050425,65.94105797733474,11.593135481880877
20.038672137789945,61.16092420433123,26.67971702740381
23.900495193304828,50.4851834181578,40.75439810490819
42.4675297996759,66.29158954887188,61.419539314103446
43.989043259286504,14.173212774126132,61.70104111804901
36.14227488678851,19.7991163705234,57.395718910599356
23.711835560828494,48.40118905382819,40.90217318540031
23.123276813607383,46.37281730621052,39.80893389614311
49.843683895937865,19.465211959899833,86.12022904743489
35.39552204013915,37.720067646993066,71.34409790916314
10.985440950829794,21.111573436201667,7.862165109430065
47.71728978105276,71.57210476982334,56.245973372885324
45.816888218675984,79.40729430791706,33.09553031596077
14.374192550383308,34.88075361548432,17.527304698720577
35.11485634661901,43.86617779024531,70.58115438428894
23.82752900202501,35.04678745349152,40.70473823332931
31.72012843745535,50.29154000480574,59.95466710184241
12.265602532890803,43.021788626290736,13.846422356961835
29.906229929443246,49.92008571119733,55.79423745325436
14.454823681055831,61.958997457660075,15.266215635801094
6.133959266948134,34.83822988802139,3.5133824980387254
40.109569184103506,49.47250447387816,79.42669788945513
16.752309462988713,58.64671835401334,21.013434730229086
30.5325924870233,65.7370526619471,43.00074278941046
38.07613337854205,52.70755454253643,72.53363773251617
26.96799538898663,19.32274879672664,36.4159791626945
16.75998580484227,39.33696310419597,23.713641727326227
31.96846791528749,45.95954986507134,62.36262400056727
17.968303668178827,10.45250504527974,10.96906462143273
27.33076498553663,29.993819199357016,47.33713379834261
38.05737353197408,11.676238568933844,43.89507733382841
31.317251508760588,75.90319662542458,28.313689516708035
12.848417020017479,43.01546435254168,15.055341875822077
9.113989631771219,53.797733858294684,7.588910861811405
29.773925626830152,38.51558669489826,57.19351926129575
28.461965966318353,72.76022609283072,29.87568492632392
13.833243603998017,11.579515819374306,7.32396012706668
43.77491981145954,50.39819576715345,86.27906395742542
45.07963049578291,51.78616563892208,87.52760718897986
41.45724904818661,40.07713543486035,86.00019593329297
38.743696907972094,73.91290268228991,40.72832581307524
30.745533367499284,22.65496053936657,49.07064144507304
17.09589267635892,23.905120382818403,19.44379228392487
16.10856624180798,31.449081454572546,20.502172165035613
29.98102040389348,51.159414062468294,55.3494873079328
24.19248862588375,53.07945458745848,40.4281761103466
8.670871652511467,16.1451765940712,3.9901078026822234
12.73232571609463,46.26542486282413,14.786997822780396
14.62976054142411,29.829908244480414,16.839096081416145
23.014077627784733,66.83062868072659,28.223444572415094
5.623796116078705,55.45651741656357,2.9399845819232455
35.09944389683084,65.90590462496456,50.617472969962805
46.973882257714095,11.409649426450288,58.81751880268602
11.920266748094729,72.03199058391951,7.691306157163885
25.63333529841569,49.521344725342445,45.414926957979766
34.83622416754163,57.534662314694614,61.101286403702844
46.92831814924287,79.78645921881687,32.71782188110495
37.40708574189231,30.10548464436056,72.71648305542081
44.588858103245464,13.445464017853313,60.81176392690995
15.39863837935233,72.81700022246004,11.627299319837284
16.52861814977097,25.445574173522395,19.07000830076395
11.215638191311125,70.13782303528416,7.490300902291157
27.5026216635989,57.24252421379084,45.62688201785198
15.757987283376336,63.062829470785154,17.2343733970574
39.20024952329443,31.88186174358101,78.27827695631356
23.480718485462727,24.678319420114057,33.98648480433054
48.945246049530695,55.192180394088815,90.44494214093864
47.0544746321982,31.236988054039323,95.87209709670249
40.18509108486004,63.61010507193194,62.72002155478514
36.124504333994366,77.59472826867604,29.897560020845606
22.7099901247842,19.150212651283013,27.293086575886026
35.22689866598273,61.05168603340443,57.73760851090589
30.87772580564666,24.47725251933774,51.47210208090123
27.70051737512099,31.853281559839058,49.39223122826076
24.235993767501007,55.16530030912647,39.48844975467724
38.53466342108756,26.25572836309402,71.81961234724766
23.2396412291129,28.84130996941404,36.30376756373232
13.93842262378411,64.83710539970869,13.294900478988945
45.91637124966466,35.91625299792037,95.55560365948384
38.80755159681951,72.78967025550878,43.23610641053671
43.07558947386042,22.796937197745812,77.70662287033066
48.03313466810126,36.36735083006237,100.23691709767236
20.265829752822633,14.370192909444624,17.964014796388728
26.877814434719735,17.63095309486501,34.036318733089296
16.18429194173417,32.185983523709695,20.894198862249002
41.39718455712578,71.28420552771276,49.64064985216212
18.610984285766136,70.10886848712018,18.029030722421684
43.575392181640595,63.52556652694115,68.26774113060586
11.601280130683168,58.32259928305103,11.119318441122934
47.526082906125595,57.777833513701,84.26824182989866
19.922758209852528,45.04055222015819,31.76348903748212
34.05762695079741,45.73992861099525,67.51501124997218
10.397882377893641,31.844483125641446,9.286598088243112
41.10782137491346,70.29926322668622,51.40710092185928
11.178501472200661,76.66707266791072,5.24079028140175
19.79701780318742,56.3619617111504,28.602968931574583
38.83213156805065,66.83623642465184,54.995857677861146
47.55873660016685,31.904368362017582,97.40908002860749
43.632790454819954,19.21808324053449,72.6848740987548
36.726840785911676,61.93844106597901,59.317888501815354
35.497545854059425,27.66203152946071,65.9708304548284
44.28694161568415,21.82009243592765,78.81113490591981
7.413565618437388,60.22254934283385,4.633055771913058
26.396407185473016,69.43686139710732,31.246644433874224
22.252871347621653,21.779501195539897,28.793610223351386
42.63989866114414,48.42367421480502,85.50518888305614
13.513810657565969,60.4268799010512,14.036736529158029
28.000113732027526,52.301908756822385,49.99337284834323
25.740425219296185,68.00962886726045,31.825831328908183
42.33032220573725,59.65721752770703,72.58064797951002
9.743061982840803,68.71977033328483,6.106137406240268
35.19558412398094,58.791691620300966,60.42841413240098
21.334227818174224,71.54956893099046,20.985131254720727
37.641722010568586,17.881332657043615,57.2528279497325
23.35001154827732,72.04662533720992,23.470389507742965
7.123851576382055,77.29916337494346,2.139047466246319
35.56231557438032,54.19631843503636,65.87355749725499
17.175166541959612,27.415425211742395,21.341741534581768
47.3926198769868,30.87907179638859,96.36297463360165
39.89773835235497,37.51852587449554,82.21016473491304
11.26643318531168,10.750070838675127,4.605651074475986
29.491580165686287,78.30451729842528,22.125484082813507
21.6111287214142,35.003463379513136,34.954662797288556
20.484122803224892,46.43806861134009,33.05813191155494
24.82991975409321,71.59402387089102,26.192479113745087
27.748435627557065,45.54304867319981,51.84122903076508
11.226721762425047,78.79176786372702,4.491967860426975
16.248780089097338,15.135484722172187,12.53324996654841
34.841581203884395,51.67564591098109,66.29770792068439
23.681554429673557,39.553456371647464,41.36847804999485
40.3278764470894,23.699884806975433,72.81580155853216
41.911399352520036,55.412297972651274,77.47658759187823
23.853639820078598,42.0620031608708,42.01120056139254
16.54912432337431,62.64800328878824,18.906226717147728
28.079363403737048,32.45981799248905,50.689091998606706
31.822255209242762,79.7014116435926,21.643287469850815
24.586802584544923,74.44839805450337,22.336803490803867
20.525757796605475,13.831289484749012,17.811635750992437
14.1908947865793,39.308660032937894,17.757683701307023
14.883571786755606,10.015892675277888,7.381170028532758
46.175069198638724,69.07155878616504,60.51570534055278
38.403150416912624,21.747021695222003,65.57137429152054
10.416360929449372,14.732332463066822,5.26008304822211
37.581313494781455,75.01655724815197,37.0248916389463
24.374111941086664,18.339847039723374,29.78994283471736
28.057676932944794,34.41823352210411,51.531781365492265
21.867121595749897,53.49314369089951,34.649632719452256
37.342315096799105,17.74225192112126,56.34943706538726
6.601560386291437,79.60312118800005,1.5282625369925529
15.472775701199833,13.768136743592136,10.56122706884571
13.5443898093164,12.727049244392497,7.651842550312231
22.631490257772725,66.1681249115927,28.12057521654818
20.356000239097426,41.09283848148566,32.85922779388093
35.40140481053474,45.62258490489161,70.77707070660904
43.76505587095959,70.62249725320297,54.01170415906245
5.445981297101914,64.46324145382394,2.299059400072174
25.733012010875324,79.21883789125641,17.059878601124527
26.745443414394583,79.08271617718083,18.211974006183222
38.95562125425815,27.40234192293144,74.02506742554715
29.227774067913096,79.4494947635008,19.869457774630067
43.58887734883657,16.815682565385476,67.48757260318776
36.78673985644983,34.190571010956916,73.66291867781031
5.3142017846156655,38.24366783188997,2.7458964831957755
15.563948977623708,67.32084893643301,14.884141648603219
20.179877398059446,67.9266585767672,22.278386419187296
5.026907247565789,31.54734050182834,2.2627554829950625
15.852434643849287,26.34971527480277,18.08909988107128
8.068397889445821,23.09869892873512,4.647112542189582
29.999730644852896,30.395275098642113,54.40694500887845
23.782765204811657,36.38068162430319,40.98865420964715
44.41572162499526,73.37092993073608,48.1953484596701
27.1830637245137,33.11091652209231,48.680655737468435
9.806031680106363,76.73820155674665,4.08987891028663
7.710212520513386,30.83551942977963,5.153146800506502
18.412979052650186,32.42809002981504,26.15326995571813
12.392907947258418,64.8213001646588,10.798183697942523
10.512403788469515,54.4434661407214,9.833986910834822
10.573071201761785,14.937494631506958,5.478125586870348
45.92432766586444,23.309013642309395,84.74500994677658
41.956256955186696,48.12416097749951,84.27494655892129
8.503543382394632,76.88137340066473,3.0952676264701906
16.113252514635164,70.17517417468245,14.176608352876665
12.596450260305389,69.7760017499297,9.381468206819541
5.595296580738229,45.824631959863645,3.118234335695196
39.624916073970056,75.43568622449483,38.2331855079536
45.91409612929192,67.37374086833515,63.9730620773705
44.968610734758684,23.945378008595355,83.59927679197241
17.788293307027793,30.227796744474094,23.883929097708876
21.967426895076446,37.53244692696321,36.53839280765865
29.504989609460395,21.191583435650898,44.40920822649508
36.10609987036952,21.729657751315454,60.3166237749278
18.96388169470464,45.234159142430784,29.333519887532674
40.83982526855648,61.76284632671091,66.79375583467215
34.049046038473506,20.90412824061191,54.39388894469005
29.617040552701,16.12125512599198,37.360049924238936
21.981342955849286,38.946157120297144,36.823960871770566
6.791514775058922,29.179166962898027,3.899306822390376
48.00422602699202,76.75428254807827,42.433836853665156
20.85471744136427,13.017007626382684,17.425301398051204
13.059272269768169,37.45524554034781,15.12001054151449
47.65008640861534,19.883934447602947,82.46370042907108
39.35821296506955,17.607777756228444,60.36867994022767
49.156590982607455,36.713154937639445,102.67317627349985
39.885554250457524,33.981375796779226,81.06722476373916
33.24509947214639,23.44112593180257,55.94343091558351
11.570945868363314,75.66448976976919,5.965382493393367
46.29412750569951,72.12282581490177,53.3185969218633
33.144505257496704,66.57877478513947,46.33455910134666
8.10666216101187,33.43523293234754,5.921422528566433
19.116640614072033,54.49517253668293,27.776598353491057
21.018099806178824,20.395474715057656,25.001156990487495
31.841018393609467,67.0068744468357,43.5236828915599
22.195557250698794,19.25881005689372,26.35273751939548
13.850968879077037,26.62383136185688,14.269848625734637
18.495391684754132,54.99565493544164,26.16801799706119
32.04254680419736,58.72559030969274,54.10182719253243
21.31258930391809,67.67983563159848,24.44440416367711
14.183944752009213,42.832852326270775,17.94931755328097
41.04224246936436,22.61110534128335,72.8704337236028
9.943840118335233,71.85787773815929,5.553953320416948
20.431834824163815,57.87090874363224,29.3233884378709
6.140687191877232,58.30328218866147,3.3380714317534177
19.22455901961367,13.901859751120922,15.892944149505665
32.44157426966527,26.856267125122127,57.70482050662538
22.4063258923346,15.640656860055952,22.9402489823879
11.62234629927254,30.858406484709064,11.250781429340917
9.039177525207071,73.75783852804207,4.2177281760719065
5.272116943279029,43.8702153205018,2.772333643676546
10.546135615964815,31.537536263456396,9.492731133738666
46.67268019182195,21.31861872917908,83.09606235606459
48.46245438732497,24.405606389259518,91.83279071856352
38.37047488100733,48.26740854281182,76.40326760867661
44.80154274185416,48.77952788521917,89.669707066235
29.05516486203389,23.68206002578799,46.24416442450056
12.480321292324643,74.15424057808599,7.487043461024354
19.752718948251534,36.04575784740271,30.524279979992848
39.192064629277475,33.71764376959651,79.28417181480027
47.84281009875512,61.65494382991602,78.20985440340719
31.8843159158039,71.66266123813267,36.37355519648745
7.232265875726724,27.99438845324461,4.298101861569004
25.926635039940948,25.88849776300647,40.80215722038649
38.47573342859684,74.34456217376076,39.47859839021715
24.06965539689155,33.94928200783265,40.94948658823722
48.26978294619048,41.13967029792786,100.64861165523759
27.007178020217744,34.615491063933376,48.86051574132838
45.92968128554622,49.82688382972955,91.02890824302052
39.29785642317401,66.82647028456205,55.71787517734695
20.383206886276618,40.3586031924266,32.8668419083286
43.18122984828191,35.42787461730671,89.30596117159023
40.72708100533331,75.8694625802106,38.3076226852943
33.04446678806031,61.91391012163222,52.504491241658535
41.22937904185107,69.15277542276498,53.9601566877717
22.777400203555818,13.588442142319872,21.123857016913114
23.08443220565328,57.16293608488628,35.69492433106564
25.265767360135676,62.4274205602279,36.55048008109553
21.064209326089873,54.43208987728207,32.359969383354375
13.388891218428856,62.455860565146985,13.191813536998428
29.556318596586163,24.28450719826204,48.08725919139328
18.136002807401326,62.40260960072827,22.114303212881644
26.71705560476843,25.122200827515055,42.05175185276444
48.527203566663395,60.058751387182156,82.1248193596825
48.07106746429083,39.897353175224026,100.4476603686911
26.379515331127422,72.85686513295134,26.839553899897904
28.627220311042308,59.5095238333967,46.17647049740252
16.34777948729885,41.27085280918484,22.88837659746414
10.55524396146598,24.418602511387316,8.11142144012395
5.042453687043399,12.748553615406216,1.1058549826468518
48.97777204296182,26.964758659573363,96.20211222700686
34.848981927680086,68.7369789159728,45.624416749284634
29.779720665645392,20.720115005876934,44.43242412027464
37.765239680127486,52.017598706970816,72.45397045921793
37.90627652063188,63.8822635999961,58.48962913472699
48.89346654581353,50.1494296018697,96.35243173770982
20.373850071077083,55.39251898301659,30.346393413859914
8.079831915918176,72.81781228251104,3.5804683933534935
10.372145510218855,32.948998652007276,9.401411130828329
41.70854212817544,51.81186648314983,80.85141412114804
22.713598412484895,43.1404961562515,39.02308578329642
43.454632694098116,33.80030702419245,89.28858871722286
44.13423581654771,16.169410168368405,67.08421688240993
39.955929674388386,69.32833431383155,51.881829070944114
13.181794377680244,40.12425726605403,15.628948991361398
12.447489859864504,59.46228902959524,12.363571612356209
29.09064956277455,54.47263426958247,51.23805183428505
13.841913513029501,24.82221034366937,13.622684953673778
6.8673796479457865,32.54472746370108,4.236238595279042
30.18850976001537,70.05544397981302,36.4087889304926
35.011735135640635,40.4777426379826,70.675714823331
47.8904051477362,60.34716404030823,80.63101233915258
46.85743412881475,46.931158129051596,95.13266833714204
16.65069236569128,13.697868045530539,12.054517121809077
37.67381831677327,18.49120986038739,58.47294072684051
18.624880772238523,47.27296355187282,28.29964341734549
30.398746450088645,52.04082378909952,55.83944098978055
12.481489865736528,36.58161833751541,13.822826176015763
32.773740220263505,77.88732052436494,26.09119939856773
37.74340119648599,74.58226299657704,38.14786564820425
39.29954262413797,51.42018782246803,76.21495775973355
13.641051611135504,56.667995632475915,15.268236771376769
33.05208046819582,52.17284193200865,61.90931819167647
27.040364059470832,47.005962279249296,49.71674820400715
20.049913720314684,46.35188848496122,31.968119139762848
13.890015755531522,66.36220781522638,12.619594687913343
13.359962961441852,15.94764029226265,9.076575530318474
24.63107118607208,56.08152076542433,39.88161929718277
24.69725712200936,29.3727892365916,40.271772480403534
30.117703275069832,34.290163478854,56.834183576043756
46.97904605569849,74.58515977225005,47.60092158951513
27.606731898744297,32.95187958127809,49.71522090316804
38.17095862804876,12.569906043814665,46.455408777957935
26.364605271964304,33.54263759892335,46.7494160312815
46.42411482961496,10.840211909087778,55.925443238846604
29.876669407325707,61.84645067466382,46.41183066119312
26.825809438581857,15.978212111390516,31.6254005776574
48.7607625512556,46.260730196326854,99.32090619762718
32.638380994355515,26.562684789525512,57.90218222078753
26.757413829806172,40.040464437082534,49.5130727128684
8.370312890089268,17.431224748322705,3.974868564568124
42.68626338284486,26.78739665446132,82.0760594636284
13.773122217438374,45.343801587509745,17.037903745724794
39.59362091131308,14.336256300529154,53.585890859087264
30.956356383721513,18.344730998840134,43.6592748487663
6.640747287152831,13.692076651355217,2.0389466891386765
42.53738486937986,18.25807385396431,68.41681887930802
7.031811398553138,40.65299210000386,4.815327859482172
42.97970623739111,28.368586354251136,84.3805861676839
23.977067788666236,12.794577279462587,22.007103746223805
25.208533136069413,50.432915644599355,44.02636948382806
30.690817418846514,33.26986845220556,57.8533456805801
19.1989931298411,17.46365332556185,19.042811419021177
21.50592442908208,16.964626821107526,22.73582142716678
39.49681751204232,77.63920084237301,32.8697268242774
48.65335055000181,70.55497695627757,59.84783088550714
32.035646720282855,59.06059880707159,53.744681669625464
17.834261120618635,54.15392941208344,24.938507289355993
25.504229724794484,43.74121378438527,46.27920485871336
39.099945216882105,29.734284891807615,76.49084491388898
19.311782526253396,74.72492537900456,15.251863240321509
7.530093268293751,43.994400888933825,5.546952861452599
46.076036018353776,52.72541054727099,88.41608789757431
29.588318339545943,27.482092546054865,51.18327280365071
20.44739700790017,69.6433891063285,21.317619005698194
30.164815929580616,46.03195356297459,57.85905819835662
9.481087109301303,11.121970951858618,3.38891896978243
48.36583349091721,36.38903171007891,100.9453611110622
32.144587794477694,15.58005512310995,41.479132340202256
35.740142857537094,75.27966960941727,34.45593098856946
30.904936384883886,18.828072566278742,44.28660325343739
31.17746873630645,63.64430491732566,46.83504605318695
23.28874414583084,71.58864235590275,23.883483687862814
34.190732901081404,72.94742428024418,37.201996701776324
33.05773900613018,19.190158040337696,49.56579064524333
18.93612699973351,24.125646377671984,23.391076598144913
45.897192397258806,63.228004710123784,72.3530865189022
35.43792660095028,31.067642374213516,68.56707570020323
13.282014742259609,62.951576159223826,12.848481179437982
26.337107564558586,25.805268650544036,41.7295445848808
32.747989017437376,12.823369649691639,37.161970268456045
19.67766143577141,42.79898962137943,31.199464197303957
11.658125034923263,78.92581343135878,4.7581650501889605
14.409381406532642,19.12471910302859,12.129045657737688
14.159069324910337,63.834279321180695,14.053306714843664
24.147754667232928,49.57911578267766,41.663960039770956
5.945412064386233,12.41019160013202,1.4935801405292444
25.062149742215727,67.16586702411365,31.559786090398294
44.835749541840435,16.069459731694813,68.24821526077932
29.226339594546026,73.92607803954894,29.116809973943745
22.458773947904888,68.0696081999858,26.092613355653242
11.01630444797463,75.47761427674591,5.515400360071248
38.81404928890862,75.89340749508311,36.35324173146368
35.447775509862794,35.43827523995989,70.84545869963858
47.21815276361251,29.289674341642492,94.72053576055461
19.947763492777966,59.056589260121825,27.652666560379455
39.43923347864238,75.05824386944077,38.91545407758088
14.216108407529427,65.85986246534569,13.350045283346157
38.23457240286336,14.46561893775185,51.24775463865316
22.425041354459314,29.793581994206903,34.8283758425034
18.702069095931368,78.80628156882906,10.896353816248302
33.924983606596754,60.23733104554497,56.23953230544793
48.94779367917541,36.404124772034706,102.18414490124127
41.08280758037627,40.417167431314674,85.1304538426478
44.12901523167409,22.64602789179122,79.80603926364194
47.64587796789258,25.314019588761575,91.3132687448454
19.679922814141918,62.933456387474635,24.874375155362717
22.718981370443302,52.57479637365127,37.075054499355055
25.00580754812428,61.965895596284724,36.42115069176439
15.274906356587488,14.092059106581392,10.512457318862973
18.49682288628798,43.20160654079012,28.223374677234187
12.560902348670535,34.83581027594721,13.733693094607434
22.999235823210583,14.017429058179149,22.02356236142144
31.248826168289206,71.90403995799014,35.090360407542086
11.82843108288736,51.84656093810598,12.540555061159596
34.91326422098808,39.35342762935018,70.37516810928717
36.54939143139215,38.75120804437084,74.34897045685788
27.70867795898457,10.514713118809889,24.083418254248492
36.127405136061,56.29398752613071,65.043301263347
6.728039479685505,35.777507517659316,4.249326294617679
49.05643283562503,39.45155937980317,102.53176083565698
27.587543230932877,73.69511107118029,27.315256386845466
37.276784413959035,50.74490917869565,72.37481580201715
40.90121066034826,70.50563865191813,50.70258403890504
25.559963228177008,43.25758554522848,46.454207669674425
22.37229210433261,77.66942980129224,15.771369419145454
36.372481443065766,15.82561463456506,50.509197923947326
43.83318304908583,43.63919585853876,90.56942070379063
8.093925789011935,48.48020786143177,6.31964964402394
23.77239255390659,71.44245834038374,24.771333723844318
14.179757162422431,67.8525226644528,12.441727390828676
30.095991103345373,13.822721224942834,34.30330800618532
48.73303855964681,45.88306708722399,99.51978807686109
18.08945844042121,42.858478939248066,27.201600024751947
43.603600258287,31.343218706954445,88.23568048402304
13.670437841901514,19.0349872851617,10.951474959984889
18.403672927559505,64.60336609280304,21.383648409512038
26.223186433786775,25.9237122585478,41.55895823212054
12.478324982438714,33.291063355726536,13.315281700417357
47.2965967798569,34.011869881301706,97.93249231618393
49.46558341795859,43.96613190357493,102.03218723908294
13.062376323056789,72.37980642554567,8.914292967657952
25.71599179106721,59.67699404531671,39.80466817810352
49.26702124441183,13.51227452239818,69.75983597910313
9.351255190440522,60.43197190239293,7.169994141670856
17.68212514829624,22.901097786506934,20.06073203628857
6.771284591887827,11.529269839034127,1.8094181292431386
39.85185214039059,19.410339915868498,64.89658231787897
26.04742771870179,52.41277706256381,45.231234409345916
24.27583102559808,11.897465663536318,21.178663255393175
40.2575676164559,10.735925717915745,45.028342171322016
39.28504524698678,72.5313145651686,44.361714572924555
24.477796447572754,47.48797311684588,43.065101701265775
26.46425266779442,37.244603303640716,48.266911643309314
44.934104091666214,72.57534574689933,50.71925847536839
20.111736408869053,53.05488278102886,30.61103140614557
46.71084029656389,77.34409492589461,39.70645487145594
27.90315681899214,41.69773636990287,52.59773444993629
17.54124421678366,77.1210311233287,11.17987958532604
11.426643701279032,50.58807032334075,11.898168794389948
17.714762038338748,29.530580324345763,23.448917002055605
23.22358643192848,79.91550550709582,13.816503929366702
7.473483807791993,50.4979272742472,5.362424175135476
8.715747111587472,20.81645809933633,4.9824400165027125
24.78033237978044,45.73220919425089,44.17929193661793
16.64565837640358,32.15199916120913,21.930134667757567
8.913515911516988,31.225384869097535,6.857070922826246
48.495129772124486,76.12951671707371,44.63701684751045
20.069523056164325,49.95977553951331,31.392085682161152
45.9317925999925,10.432867584862768,53.66177027771037
41.48076066519163,76.38586869522433,37.75803592560806
9.109658045010068,21.30133802230447,5.524686804178482
48.233583624710995,47.62781005482424,97.31735456581143
5.638848551227566,28.034239913447042,2.6393337010385696
25.247465342098682,58.50362377173374,39.6711596661984
37.99221701615598,79.67950590478193,26.67424177451889
17.938003972269158,47.67540713079327,26.571583046605333
28.999559653682226,38.39516816130663,55.156041188900424
12.612285222908909,78.42195942286898,5.723698830088234
43.399273399996375,44.8833119805966,89.13428034233975
32.146044020781346,25.90827374917636,56.04789913362036
29.470418167628612,58.64790931850331,48.758297337885864
28.182516277396495,79.31996194094589,19.152531131041354
32.510374531147676,35.96815988145183,63.62310084916937
39.74684124271271,21.932375810714944,68.90282701125898
22.303211616781994,34.28712652643101,36.50135581655555
24.431319279849976,64.72458781501084,32.81806274377907
26.787786447353337,65.5810115186174,36.392956792567276
30.942000641293966,33.944860426028875,58.808245631769935
41.44904346575626,26.68027693871641,79.11159633677443
15.097234090990797,45.3152046838385,20.013420602258698
16.738216068294,10.636092446585142,9.750916963729981
34.17338872844607,45.77656750306786,67.78382563585768
25.048301652192254,77.68779602328208,18.57957663009258
30.703963278331116,70.44021044525692,36.61268622771636
11.275260629232207,49.84445241905994,11.673983637271427
44.05908320289063,50.81740300959286,86.46950909502485
37.31063801571507,36.04304974685452,75.63994237316807
9.160228266667996,42.053020658895,8.033334321814575
22.751572587748587,70.6942127665263,24.00747519137766
15.97978860586125,77.67139592745757,9.184698416949937
48.116215391202324,27.33421501500071,94.75427184909314
20.662337996479422,72.68890186117196,18.923368954297246
48.49799994032484,41.04073719852308,101.13605643529083
19.4448670538404,46.82658092760794,30.392083506067046
35.949614286458065,29.143216076248585,68.38207157556408
38.141292857858275,13.616014998024873,49.02548586797676
7.2182521743987405,37.040139360188164,4.936056229510621
20.90629364273243,32.09432507570066,32.14047178321778
27.09588932010095,32.45135076180999,48.138809519993295
13.651606331064137,31.662868436202064,15.319087052560358
48.870692276460574,38.7779391896394,102.19299966690802
25.01207495862511,50.3581492965798,43.56780423309177
49.25033457864019,26.91208935050341,96.72374585206245
35.65769497395952,60.11892854792069,59.73768777409863
32.32959875568797,16.200483774565086,42.990396212189026
35.45925241224094,14.486629772532282,45.85735523640092
31.826419229745362,61.77068240552199,50.33034582926452
14.493645077897769,68.91354052799419,12.430418353332211
6.365921248985192,69.06690045608143,2.6744683404105154
25.71480727892443,25.231155795215116,39.741582269961505
11.020016524728561,76.73150173076608,5.081033937247764
8.269951441152052,23.936539395514796,5.005261171809493
20.652005634487068,53.41643942727843,31.776932494793012
29.516048837424428,18.79504446886198,41.21299458042526
18.03775926821966,26.712623976021685,22.893605708137677
14.609428452065362,38.78010355359909,18.630882426675683
36.68141536662456,25.221705255206516,66.23960646307181
21.500549586634165,37.36421987888136,35.29216589160125
48.940543824593455,76.82664498153483,42.972308758409945
41.006191223843416,26.91612445734296,78.34769809027742
8.061679134125136,32.18328964044373,5.745984841256365
17.00575472452239,45.414806010247574,24.508815786867224
39.997755953050685,70.08260572152005,50.40908206188534
43.018883843472885,35.17728928561475,88.84768134567653
35.92554545573073,31.898393826695404,70.32371987581928
7.740749445583222,59.10956859220596,5.141720753110667
5.442239865640453,38.6427811220942,2.886652364592034
19.82206711859341,58.53642769631967,27.641882547655587
39.48104627421705,31.286624517989868,78.56431637979135
41.52321565001841,30.574173235345363,82.87420150417411
25.084686199395254,60.89129689098937,37.481229933162886
36.181410315115485,79.115793061854,26.546005720577615
15.132246089716935,56.36225394777077,18.377415223193257
32.435685872409984,74.05689181430209,32.96281400248017
12.036296374019377,62.62587145108531,10.859920592619364
30.572087732094577,29.226610885153377,55.04274591469899
26.349571136622835,33.364361794885845,46.63331547420881
31.06910312548074,72.23004275702661,34.308132620293726
30.61872429854909,54.220569282860886,54.91422483780148
28.343653120161925,13.581585451183313,30.67138897636708
15.47863505942424,44.440121060245794,20.91576926647637
18.960587768511715,22.723451843283595,22.53950551099235
27.685977886329724,32.59668554134952,49.73287179762457
16.614843942803663,42.47897922082666,23.59147692509173
10.997791613697792,74.94220131527851,5.6826351450879065
44.046594406365756,59.533441001837474,75.71870411950312
9.77962224148053,64.31140781287851,7.096562514029715
41.35807976490585,63.74352324000364,64.39219076669697
10.128464920365852,55.07355699474353,9.106217234910927
42.54461580872294,50.41473808537674,83.78445697521344
34.088331885264004,42.08544355984143,68.33941380483192
28.79182939478237,12.406380084620764,29.35449952210983
33.75333598879781,15.701304902381143,44.9407770605032
24.575656745310052,30.485856836718547,40.6084251172602
29.54425775952709,19.339143486624494,42.05165294882775
36.12395308879932,65.65080758499292,52.71391547640019
12.350950238442042,17.30191611463175,8.370134243976365
11.548196725431161,71.39892933289512,7.477861964403993
28.768516779036027,42.70826972052518,54.8262032213313
9.802031859605943,55.46892047298733,8.521099014289225
44.059981635279044,67.9730108526417,60.226625870599484
33.17246190413606,15.269510165617154,42.955676362464736
10.057866222920584,13.451629097687727,4.531177525198472
16.58656474216112,19.49630270122644,15.928900513878745
16.702161811359524,36.95406390032731,23.219312179226737
47.43422528320111,52.72632418471844,90.91784947377866
42.573820355733304,59.72460504986326,72.9010678033077
10.062640873698427,61.51442844617642,8.030796785361902
17.3794496701606,54.73754928962944,23.72812340173238
20.343288813934485,79.83705842852615,11.373879802343524
16.859816577355,29.539132954198877,21.52646512967493
46.88025150030792,11.725108324542587,59.70961956523463
36.35100445429386,60.772847351511466,60.21250262780841
42.63703598346797,78.21075174469327,34.066008868106735
48.90208636204936,14.569373029652473,72.21271665610173
41.98276952388061,55.24169535601669,77.81399063864507
34.1303960467891,18.984494863028637,51.60204542208635
34.2584224900544,78.77378064208735,25.64650952506729
46.031835629275115,40.73914625633954,96.03422396477225
6.797658797874245,35.36054430001434,4.3145023900572985
42.187564022024986,59.10493710256162,73.13822543646548
25.670464501728038,13.857107461118176,26.383371708551234
24.210262752048617,42.83174578025184,42.944867886381815
46.78499898023612,54.876027250751164,87.11021485370034
19.0243812494592,46.772278511550496,29.348292418074163
7.972488851997204,78.07977649548158,2.5024513470652248
21.20269558688267,43.450714843919506,35.09884211273988
20.987778840661516,57.77582110813401,30.61766693492383
34.80044712483169,60.07256173703949,58.14413592491439
17.06644533253644,32.09679368148462,22.88166889811254
10.636305399329357,55.88569802922788,9.859012988537934
6.7908707301043645,51.83776348664213,4.4126045472507816
44.13631481832353,72.35825038027434,50.372298082665786
25.206699216648275,42.151258174915164,45.55758715526816
8.463613235360782,56.9535517810125,6.326092931376226
41.956673916778044,27.125853822329912,80.76308508386839
23.95853967350141,68.71875357356893,28.017314183378613
44.47042104480296,27.022598618495817,86.37099898261349
29.77567855436139,23.474520544507897,47.74097936009462
9.584544386280044,73.77843509743703,4.703840354919973
41.922837690444915,63.20244312622217,66.22364355142737
7.194484346591318,69.06101548971802,3.3891887300845136
24.711983415742267,33.967658630710176,42.61867647777318
29.59143624614194,16.39472699064891,37.747293976156236
39.049094720857944,50.770455382180714,76.19014340205473
13.396554359292539,23.176253983833192,12.238405077785876
13.29118932077034,13.99016712863538,8.027711035690897
31.450930221725816,68.82437243119557,40.21427617852482
5.787419629432487,13.430325147989148,1.5259909743664208
30.77466245091256,67.36469797702367,41.22724491345359
19.703250075588514,34.47300791654055,29.974902266825943
31.835592387354918,29.19490223869029,58.2060224242514
6.197376473495786,61.46599626711173,3.1896040413516635
33.15424608236539,50.652919933896136,63.113128835378426
38.37578580463204,57.26615862934263,68.47300542691762
14.264689468024452,34.67367328603458,17.248453419767905
10.674956375538125,19.08999093925167,6.868177736294369
35.42880858604427,70.10200748877487,44.090435954208
48.322966273751256,53.98429822846111,90.97457046921207
13.284559551243063,17.39552418142515,9.659010062291376
41.578293719154104,50.512953345199946,81.71488393164516
32.822825945617396,64.70234621282964,48.4636341365804
36.64747524796032,68.41207769992677,48.89146898870099
7.529625745694531,62.32644457225534,4.553374241479133
43.2883740794943,30.029452972082005,86.54605057501735
33.820127329696376,31.991344468588046,65.11857100546518
48.10869799171043,12.339650070485263,63.94071101135136
31.090677972482975,21.655248293466055,48.63872792750678
37.04990923297214,22.312319839306348,63.33300599436212
15.59224678542609,44.60595677320307,21.174510214746608
46.16757274985952,24.82000605035796,87.44951958838553
11.490800950314657,63.12837822978214,9.861353728414874
27.527878955026893,73.82495786672399,27.046743218720334
11.597655072192904,55.21495251161275,11.656854711446421
15.479561576831676,20.973230005614752,14.838562024369516
35.75432368207717,51.557923393611325,68.42268971413743
38.967235626304905,31.662380351232766,77.5884896685799
25.158724537198548,38.383017343129296,45.07376772078437
49.28402587849314,30.45742697175715,100.1397630951686
18.26677572560451,34.818374618002515,26.524898686237673
30.406733658064468,27.662592098462166,53.37112470837485
46.18804731706732,28.597989540638444,91.8217464807031
45.31170792020876,17.243254455260924,71.9871437920084
34.545321607984356,73.48898629067706,36.62663186003655
12.593724727920328,77.78288720694785,6.002916841175453
25.379751218698026,76.20005759087171,21.00629273332254
35.45690196335212,31.111080891148607,68.64430648114894
13.473613621269788,31.261453235756957,14.866917390255558
9.185783416820374,20.070757644033083,5.360122175977265
9.70971981559165,39.60604806190904,8.874974347024407
40.80102693159139,19.896848795143814,67.84769943148395
10.864419492755115,55.040026466213156,10.370017352453681
13.873234188562982,16.832702667629412,10.194026835317883
12.508186019250994,74.66119771137433,7.300117289616339
41.96620637492859,34.784519364856585,86.27776278641142
34.51193452973268,47.609297156762665,67.88542922719095
35.47059185671537,57.786980672393156,62.11681722378579
33.29303067769968,28.627095797611602,61.38227115680242
6.755288934326815,41.889674739307615,4.477315475353284
45.093824811081674,49.864808096300315,89.35610997698312
42.45759687658585,79.41370400728597,30.701600698034216
12.362729186222431,58.42443473993876,12.450131823829025
35.34321081650111,78.59688131507949,26.983488511766595
49.35203302787602,58.067502820689064,86.78096192107965
15.962665639198741,65.89890866914193,16.26702674486028
9.816311039496714,64.648951292014,7.077844002587615
45.95882558651134,36.79833763379047,95.84440925366306
33.37858827423862,40.10999124677784,66.59676842222095
24.69942747446578,31.725962237568403,41.58191387740453
39.29583292026461,75.53235949165537,37.674790304327196
47.33378866555075,22.234689941245367,86.07638406810268
44.363464234545475,61.62020089989855,72.8511708907305
16.377683031063015,14.70992290450602,12.411259826216797
17.05987700979701,73.8545765747068,13.089563921834458
33.49304037030976,60.47382626285103,55.114630976882246
16.571855799909315,60.35717089023742,19.95831659506181
6.265467782506569,36.27249420411097,3.719376192826375
33.2039006844049,20.226759587892417,51.47930649472341
42.035160850112064,26.452190916834304,80.19803445563197
34.35265007683008,38.36379998027308,68.85955604799209
31.821961796494122,17.521538684023568,44.20063025364174
5.7610759964723295,73.66950991662108,1.7808136720835464
17.133350394523227,67.37739019463214,17.453679641714874
49.97076352124901,24.800188059923784,95.5803633889352
16.932683353251,56.4001851344266,22.20496428635663
48.445188557027954,74.10700437335207,50.27921890171431
27.62939840295132,65.65771977687072,37.85813124926908
11.108563389495547,78.42067289428086,4.541898602569474
48.395895531619395,21.46102705154197,86.99054987822691
18.474040616139796,17.010849825473684,17.421478090746366
17.227291950418085,67.11690525906447,17.767412532121156
22.024202322436675,16.187787700273084,22.872478996741727
20.400148615050703,78.6968333968896,12.626581124318463
33.335761786664136,39.13126624843105,66.40832778216397
12.49423310737715,79.03237580985864,5.34601658810894
41.938205416840795,29.70341117156436,83.15608910990208
8.153091307453526,13.963789016429063,3.1119653877855757
10.417016727749022,50.653800853009514,10.034836405447631
46.79435395424716,44.772039960418915,96.28166816636944
42.932546710528875,41.21206339018654,89.21082405096912
36.88625955955214,61.23109161005506,60.5898989014541
12.82836676565024,35.28512412830682,14.342872747449139
33.678597044211074,14.948762572905633,43.3142412790237
21.269308449333046,47.435962639683474,34.900773076251085
49.83010218700874,43.21734938357085,103.10076298903041
41.72255407014456,40.24470995466324,86.60070062363738
40.8375825178869,51.67903611340759,79.19260375764783
44.89679486760792,38.76597866450769,93.71083326416924
32.19369889196655,54.10130764331792,58.562955218897045
23.7822323810213,20.101843058123706,30.47785676433414
9.210173311055101,11.167008541974317,3.214090950641423
44.30904189103466,26.55324385670862,85.48661184691721
14.517803717679563,61.52247802982458,15.537388632044555
19.400725088932628,45.42312846882856,30.420962877312085
12.312997938385532,77.18220050233785,6.024685057984906
43.321163000775684,70.46527360755023,53.82766635014976
23.304818685740234,63.3652849595021,31.801601017861188
11.474426992540106,10.603330181424619,4.712717006817735
5.898781966011265,51.06212161831923,3.3763738045674825
25.492770736157336,46.261074423596384,45.92229624427686
5.335841318774873,39.588063376019804,2.7935800804357473
37.313067254038735,40.988559137720515,76.25980388962279
37.94986428405,26.311327507778437,70.50045568756725
41.59139020167765,51.19018683174166,81.1712885699105
14.48433947434578,26.570433309768305,15.468344420050162
33.261370905629164,68.09577152487103,44.20554794924416
23.703250191311984,28.081030038931456,36.97907556595016
44.01552231097702,56.84878042255844,79.55478332239099
25.163846927738444,44.15301366955113,45.36274361085935
14.191541057137838,53.87618410453908,16.996768182659363
21.14341297442999,79.69516236720445,12.23759037347367
26.608258186784955,44.01199243327292,49.13350781835941
30.463330433480234,74.17292021831227,30.298649765976432
41.036814493688766,41.5791048858489,84.89402031167234
37.34146696877582,51.036484914653315,72.3049459591512
27.1565171915562,23.462104094904536,41.517999179317755
25.87713185547009,27.207301091580224,41.73268440245867
46.16789674332446,33.47847694474429,95.21668952384715
47.851880654001754,47.31387030662978,96.81088660668817
33.41949704042722,48.00583111425294,65.12121450711791
10.822127763501541,36.30748533055586,10.596958479199904
9.461575052493078,53.60678309283672,8.161713647800267
25.10933878401975,64.45894800996558,34.369089449521105
14.921171644971643,21.519624090053444,14.140719428576908
23.284950393369552,74.86097682528668,20.156945074955594
36.968981675558524,39.324653735504306,75.41802970835468
28.277247638943976,15.894910782396884,34.3267740313673
49.30591533692509,56.648511328644325,88.93434694613806
17.84318308085401,51.0065875950671,25.77371804800639
9.92670647310473,77.60856681653085,3.9288300697875127
12.865324454751466,55.36212226386499,14.027966187607305
16.045450814251872,60.2292967853975,18.95596820109356
39.956961525812645,57.13938102380028,71.67048386903704
32.65247571148366,72.47283657664082,36.04938132647721
8.538201994539111,33.164033604613664,6.51501256222652
16.17293658338807,79.1609773445795,8.309483534752706
22.522540085009307,61.28288894682791,31.79302117750249
35.812632374645204,24.84568662341644,63.7297328795531
15.75489560951981,29.689919448712388,19.162189550493796
23.500727521672065,26.402754595536877,35.34133601539867
5.884316723608151,71.55751397650369,2.064544672116938
48.45244241213978,33.909927092209756,100.37790755403984
20.23280957414628,10.49642689420597,13.705661677121714
35.61128097486683,67.78079270240401,48.403419329111145
11.597373516200143,21.176644455700554,8.72960778463355
40.553746248714695,53.14035238479013,77.2559061118915
7.018725093247266,53.57828933235972,4.622197274150651
18.901297527969472,35.810760882959215,28.337464809048186
39.63791382335961,66.76546348708274,56.34027050180088
23.01604820779238,76.30070552044484,18.116606461828603
23.29082230784325,64.02852246610769,31.219819537498562
26.77447690539166,72.82726285654589,27.430131341653823
45.84925596425804,16.11917655097587,70.40767342625486
47.14219990896016,67.78743890642909,64.65260255789396
40.60898214407001,24.06379377798657,73.96600967428054
41.230364393959924,69.50929142795258,53.22490251257434
18.011765050436793,76.65820548536266,12.061117027465373
7.243706587962391,20.493647727299777,3.4321826717683344
29.191151212318143,50.30547297856168,53.87897800981027
34.03175374854065,11.187839052082651,35.67792417081694
48.216504857995865,13.12116649139008,66.61074804666802
11.437787872553107,10.98101622682399,4.831913109670091
30.50862949823426,75.25868187446805,28.512735311207432
34.96762247362089,67.58602279362991,47.72212901550002
5.5976541556361035,47.94107089358082,3.1014298308977692
25.680333987748483,44.927756095455514,46.62262464908595
8.249593340083457,57.91047527485152,5.9335295510467585
27.64491866863855,63.56041949028848,40.18887238473768
26.838078532777192,20.456714535850246,37.512616060911554
34.17156293350199,22.067045347361635,56.314648484969354
44.25775535096667,52.918136734846904,84.77050065362226
12.074174760062942,77.36366402368448,5.739625337796231
28.326445850089428,15.10289163101585,33.17695907421043
33.207480698678026,27.723923490896716,60.38960806994676
41.16620533447861,67.24754514963334,57.68236455459738
49.05263101345978,45.13086717171526,100.60544876894437
25.47305958774817,62.743292381253646,36.68663219802891
10.961179535386695,48.28408596551869,11.178859503229564
29.581142005888292,16.263118596727104,37.51853624110676
23.80928384781111,69.72993589970415,26.704837161305775
43.526912989759715,16.946636544377668,67.64347474310316
9.082439723652389,28.38868339013547,6.730909902713492
44.364472814929705,19.023180955144927,73.84907995379326
37.39985611823508,17.081593372917226,55.189586412359326
33.041203418652145,34.92471093834014,64.60077055025563
40.50112833346402,26.358331417775453,76.55562161513626
33.76408232254819,26.497777420311948,60.591581951181354
37.11471274004692,71.15746241925241,44.433757434310195
10.706080960704202,70.66169820168525,6.725138712989091
31.710886448643407,18.89773436069168,46.15335607611061
24.23938349118704,21.260220543956855,32.65063757972213
36.51565499899563,63.120769409256475,57.25035074179957
9.760843412275953,45.42978968862511,9.0869264494201
41.65812752116627,75.53141290856975,40.04189014367346
28.10830400337965,76.5195456527985,23.65550780552619
29.106003670521343,37.593334621993556,55.26740315693236
43.1691407848803,44.508789732066234,88.80675296339906
26.235612975403537,44.321874258687984,48.12426929968736
43.10532508413854,68.23590791816365,58.39100739816759
23.158399659809504,33.33099019093675,38.34542693923425
27.136761081760817,50.09407568159763,48.936196567102854
15.725174478259863,65.57685593009134,16.015219810788647
26.89172445795903,33.383188389397176,48.04861085409789
9.806944683379577,26.719161228252485,7.497208568073843
47.717652729019264,31.35697807736686,97.39675792107134
12.59866802151659,42.24709541584952,14.511765432269394
18.81894845121119,12.46114751898359,13.935859274498059
19.541534777573776,48.0876036757628,30.457849660944674
29.827056740898513,34.95912448238221,56.3527985063704
25.12862403136703,77.58625427643365,18.80682314195836
21.980681475364023,28.07587692819881,32.770148437478674
15.956016983004206,42.04352288928939,22.004967131220322
39.178406692262485,24.419172893193124,71.13275725649146
36.91832572133456,11.48048763445914,41.38409850811073
23.851984009277572,64.31055456419509,32.06998804532972
20.242983009849414,49.461597101177965,31.940365104121074
14.224065477165986,61.93967737883206,14.852043093481651
7.352559647094183,69.67798514128503,3.446924171400034
13.918837388975067,71.20786221958315,10.536309679244633
20.86381585852328,60.58785021321406,28.753987826532867
19.36513840037848,73.41381698642533,16.471526825772273
10.698670648326846,22.49638524908191,7.8402507708494635
27.186355632146103,15.735690732670228,31.97019636470832
13.819108311579287,76.063646754841,7.996222495785687
48.94203475165492,36.33815305312953,102.15231512018859
46.5478709456271,48.13772729714022,93.64467751286739
17.13841096431952,59.167910475641904,21.613163958448823
34.65058129586858,79.23877233761134,24.98963234156913
16.92712793341775,57.04416518632148,21.967305683266765
7.3410689763251105,17.955222708770357,3.1587774802709667
5.176326872799197,79.96224767417712,0.9190878238590556
41.1023163716365,65.07061103134785,61.65405849235257
27.937673387968086,31.004695803380795,49.522428900436516
11.806892800820417,29.927231719252458,11.397475898614488
21.91870498681126,62.941706788620586,29.353217426690716
29.28478050064186,15.423853858883788,35.54570740835925
5.811305403151051,17.16325256738442,1.9152011825017763
23.47244211638207,75.32350419343128,19.839536715229134
33.68311165441497,66.12781299128605,47.907802256418236
25.986856752704686,35.316625823653,46.444153247478674
9.878016772248023,71.31531155303435,5.624670264880807
40.24220130625563,21.76826683184076,69.77446018949004
28.051725374431722,44.116236554487145,52.85161239457178
33.12911987089379,76.23308257938828,29.695133506279106
31.089714879311583,47.8152086745033,59.57006666584601
7.264531982059878,14.403523321261675,2.545181760938894
13.4306056097055,12.272954018422379,7.296366121511048
38.45088030065056,60.63312127957742,64.27115827462718
11.122530549423931,68.52552305566967,7.8577979566361185
11.965371568075039,31.082291089815115,11.923118618417547
16.203960462261428,36.06149690011334,21.880660027205288
16.459869465048286,44.226564850691645,23.23301702280149
23.333354660960843,79.05986435455286,15.022423387611884
7.516685755770155,19.952696347114614,3.6058432835501906
7.377165225887111,53.808883648766304,5.076674375159051
7.452917483617381,68.55078161632863,3.6966305709027862
28.037238380686752,46.89053372070736,52.27095509385061
30.271752847048738,21.95695944143475,47.120659884367804
13.89606364015194,32.31721260111033,15.971726566307611
31.707338711983315,24.708244315815016,53.72797112208262
10.234927720996755,77.90818204929025,4.0660614423461645
5.989181666433031,66.18881837352151,2.6285795635857774
40.46158173087599,30.80498796915672,80.54990678683426
11.103197720329103,20.194005269379637,7.748249913203914
36.38442277567366,54.99646137603216,66.87417431301937
40.223555341312405,75.62368206793732,38.39809821625755
36.13673134699664,20.909607558601042,59.14622259537939
15.95491775444348,68.95356116111802,14.634901561547586
14.418773412539386,15.0765621868137,9.9951989790794
36.64760243190127,38.17684488430994,74.51564328554129
46.40180236456566,55.51785497655631,85.58786898683714
9.068854000624734,76.34995970775626,3.6257001444635737
16.635076863811065,33.604874328440005,22.3191119554925
23.101718615759392,13.585700748301928,21.63666799320335
27.343194000377217,18.632294375270458,36.33837268868713
23.043664700975828,34.5496851594459,38.501114148293304
39.777803754192654,66.22193581429119,57.54095759348353
11.90357970750896,35.658583116545834,12.55671036673078
21.800892246432426,20.598731075525954,26.80254591406134
40.930407727303574,59.505982983479626,70.33099549479967
13.567180383366562,35.670533601565936,15.9394292514332
9.761226118543139,53.974461796513076,8.617368441212994
10.461736604687886,79.01539180374425,3.8688719725091354
40.130693360953806,37.31669847087966,82.7195018834839
31.03537695257095,73.7939271351486,31.66034771983452
29.934467617812174,22.214894047856863,46.65580090695813
22.041651001152168,69.02014055208218,24.496899694093962
33.989585719532805,55.55070690336602,61.286126001661856
44.006966855982014,72.57811402237533,49.69631814778769
46.39066573007463,16.63944352772093,72.75091080426628
29.48567008833954,61.8356664852823,45.64749828009152
39.06170803071562,52.470134137900274,74.81414677720255
12.505430083265338,65.8194387759165,10.655745787889463
37.40501000817256,16.02950400843254,53.042801781284616
25.871442110346933,22.17841796652625,37.22205237855828
20.186467057083735,11.26567645439798,14.529773555457083
23.01484407848412,48.491384480934734,39.11145419237181
32.88121667721891,56.4443241590097,58.09131940878002
42.6331090896107,25.082403509301102,79.92140561673665
10.421682009731057,69.6076020328548,6.685542929301522
12.047576670169246,78.23320569353368,5.349328115994256
42.91422032293866,45.06136241227194,88.0134555427933
49.163964121491134,16.816371037560295,78.72278803531071
18.637959252879575,54.6757090528428,26.60835038161125
20.750309081293043,74.98607863865543,16.815004105762682
7.95317396800179,48.45882824426752,6.112323524246004
31.58898203278015,55.69096866440569,55.943345640864734
16.50498004993165,35.519649926390514,22.474687238620525
42.965623834923996,23.645993827911187,78.71086751677986
42.20905312280129,49.38587960319197,83.91618131204868
39.29843800373369,59.95251563844301,66.7615046353808
14.338017292319556,49.8168915503711,17.95458842398418
44.047541876229154,40.24813657613505,91.80000874782695
48.49658466004925,41.65505700712026,100.97739525898771
11.425353650054811,37.26042760543713,11.817868032987809
47.826608287574174,32.3804594537898,98.27904069084506
44.06441719401783,71.68754771773229,51.88808254566158
20.758393594938248,15.828036063544248,20.253106808032225
37.60510591214682,31.805860930979023,74.37798822351876
40.231562641590756,40.98583937823032,83.12666203539376
26.83700340541797,64.45365847239758,37.692244598208504
22.206349897773254,41.01891417260401,37.645441557501194
21.928571094632996,35.713836069409595,35.99140456249251
28.667595960565674,66.61596111508055,38.58026839186503
21.279574036515463,46.69783043764157,35.04309121880426
35.18272964491704,28.86076124125585,66.26161311677518
17.488526220607667,75.33891889164184,12.518030899223854
37.559055799898985,50.40306733563162,73.23773677468061
34.14740244892754,12.050961017239285,37.92054728527401
32.81463345027636,45.66562112569413,64.52619743364181
29.558735590074605,35.159667878157194,55.73414510422573
8.666325397082385,23.533746352843654,5.414033430735062
47.78351209457023,38.60896935896538,99.92225108072067
26.000742012388887,13.68968528974073,26.702095403499964
6.690480329479127,60.20270129327304,3.8036032792951633
29.21425988545001,45.60941889513867,55.557468895368395
15.94060386902009,62.132551214094555,17.978895210213988
12.570646059882135,23.2954320562714,10.910448825481616
25.732047710672397,30.039590347835862,43.28921259603364
16.135834155491587,55.16663511873322,20.841777148062803
34.2937285348345,67.71619488599504,46.44893049951203
23.796885513783913,15.115956371830517,24.785994455892304
17.314987321465594,78.60038242377719,9.771054188905316
31.831635885471595,59.68159593607142,52.674732465357174
5.3311023331436544,46.27440125277646,2.8349976369599337
6.68878958893114,49.846114846401356,4.34624951469204
46.43468823362339,77.78933913502856,38.21751672240828
29.324870392501587,42.074336367655114,56.28978675977653
47.52576924118223,57.15268823976866,85.21813099654626
7.920467579228426,42.60079043672483,6.101325534431939
15.811025830893676,42.88630250140771,21.68894419856067
25.49595074028628,50.75013619703194,44.613785100164876
21.054672065716307,21.498931461914964,26.011016460179686
27.667374556548033,68.11420190420334,34.988178033634334
34.8805502630421,33.68575061476511,68.6946348114491
47.09853602414857,73.85452998744276,49.67339791596715
14.420677972284444,12.759230958425409,8.648770558441974
38.3588918757843,67.93271829444073,52.296123928842455
48.553905467810985,72.28854758618175,55.27940014052078
32.02406456928867,47.10366374486666,62.12100035421587
6.252847306816383,27.26595127913445,3.1753489024599566
25.68266382798169,53.99527300584975,43.54418466831801
30.07633249932848,61.984519277718334,46.657145878199685
17.58951188991684,49.54668253567313,25.453832199608566
8.966400952585646,38.95658665082449,7.602532733644389
38.757237482957045,58.53805974003308,67.64181287596455
49.578923172748055,29.452378819142922,99.9432004924808
27.418518462829063,33.06712896417977,49.27691948050134
24.827140132662862,69.98650909085717,28.064188821104896
35.7894083834819,71.77088339433072,41.49807091282764
14.157999874934891,71.13527824890066,10.888214491544852
7.689302338027299,72.20194963060067,3.3578544850112872
19.808320075732755,32.02113433898465,29.388077567047617
28.043985951439875,75.84831314062622,24.639306255143573
7.150161410663242,34.65616825495217,4.723760755298368
43.54573949075011,37.72381342048267,90.64034032580369
13.962060391868015,39.735592693198825,17.28486023684452
22.34986256712512,74.07913410266924,19.831767770699216
39.28704690843937,45.358088902080446,79.88857091267589
49.4766755024707,42.56942718931463,102.66287248160421
7.620702386912385,28.359202527048943,4.797533344264444
24.62317160986907,20.983183690228408,33.20231712029588
47.640430684581936,63.67942284724412,74.03980463347861
17.07292401924977,51.35631734625411,23.890909474830014
37.46521206993074,75.88952502347585,34.98800094569178
44.67359071289348,46.06345582967496,91.22941372044882
39.85936789068579,49.35013276793095,78.96742657627453
29.871675052049305,18.031937083673434,40.86138052234288
10.676194610726842,47.06735305157202,10.695216876234353
17.0987695240553,11.472583172232804,10.853553620288533
37.52776417550955,12.274061768311547,44.53074142532052
31.787457849682454,47.743565588912006,61.30797241305622
48.5966610760012,43.894919754334914,100.34707294755955
7.862064637000881,48.61815774645232,5.972277662516429
42.84932767772457,79.7794498997008,29.984387578462982
24.36544281600826,32.420911974771975,41.05862813597117
45.79939836283995,23.386949035328495,84.6018610132098
32.6943011764817,38.400009692666345,64.6792203264557
6.848706422999988,34.310193201398846,4.3254346026602395
16.93528351262036,58.02638077604408,21.6334161070933
47.69557239613631,28.76330311650464,95.28197320664489
41.51596726182568,13.875187185688667,56.150535437978995
29.21544545179159,14.93850445969262,34.608342093864216
47.03148460087877,63.64458963901731,73.22398081146444
34.60774600420666,67.6727467137265,47.01492191074785
34.13839080065734,77.82610780220038,27.523856370043855
37.12810765391472,74.72610267075727,37.15730631587674
28.270935140478713,18.194508908730384,37.71197553823348
28.76799746403577,18.881097964416533,39.72313606207177
31.662206562938227,43.774514236936405,62.0819220970789
33.01589290247517,10.703288673838212,32.81804338317458
13.767822124491385,44.39313023384916,17.040041948366493
47.77266027151107,36.85263282486109,99.7630831094402
24.09674117241356,60.028726230463555,36.047987884841135
32.17067407787531,30.924830506883325,60.281893461352574
23.48673780053425,25.23898592000627,34.43692727583638
48.470965660859385,19.14440670901518,82.65150984136461
21.732655305488876,11.808728055400783,17.295022656088967
14.980077137009587,64.63297968661084,15.15622248372342
14.052885452999575,15.604438177027593,9.802913603440718
26.350393093003547,10.697846431416295,22.395851670123495
8.814476949184993,66.53381086940826,5.461958583417045
39.71630051868229,74.05971742834272,41.48790247292872
43.453194615983726,57.822289426787265,77.20665198817998
7.354978578529828,64.79940325906603,4.078122006738751
43.04798648782522,65.93575020403682,62.95611908930664
27.881556588861173,26.303128705463717,45.9454106157033
43.0398489059927,60.90139668180969,71.86718815194541
49.134252847498324,20.898481842915302,87.50573374313224
15.154906237342477,24.82587049170519,16.06457170157471
40.664289542960155,23.08351075150827,72.7183939470234
7.999692342048775,79.89925646099401,2.152960668417044
6.116774515031711,68.46708421112059,2.531720516591881
21.441507869779375,68.91308218304707,23.59262418701356
29.957922104501524,73.11418606404521,31.37014394801225
46.6786843886582,10.63687268965432,55.648205219923895
8.393547919675472,27.525111069959884,5.6725974500147895
35.11919373635757,72.17905375580543,39.84416610774637
25.697387808228324,52.488118139198576,44.348167688877574
13.482493375800251,66.34767837171798,11.98104674748024
48.52976501090614,28.80192530402182,97.12010820796992
27.267167822024586,16.028127735446166,32.55446188193617
30.161149540833577,45.19484092926764,58.04424860306011
11.499641786978492,40.94463491826525,12.235368066392594
20.034709343895347,46.52816127136325,31.91080665215772
31.354445094295965,10.594690502504665,29.902551401087393
39.24526923272999,59.911000430321856,66.7235285757134
21.482887379293498,13.705515489817278,19.181115295998858
38.971964290327264,76.86226123346927,34.25115601703086
15.806821820990638,32.64672296159265,20.178933323868453
13.271580026681672,50.38552863413878,15.605308690334706
11.967862759135473,34.933576042296565,12.582789829995834
36.36558562704184,49.20811881065439,71.34446164936318
22.390815394757087,39.41747212652793,37.9675692793963
30.29498971804533,10.410530952101292,27.83659696446204
8.532944080412443,71.68806474341082,4.197153920077596
8.504554509108084,59.476251734735364,6.110050334610812
46.401717384907364,28.947852301121177,92.6204414361362
21.67211466767814,49.82449840913014,35.403679621507045
44.67690363373631,75.93339110822942,41.86157194887628
38.28034616500706,16.063383259828584,54.92229871413449
35.11193699906829,38.721260531086344,70.8076381641763
26.181544977097772,13.440387324162392,26.633922575637094
13.597796270586118,65.33595252735535,12.546458065300117
25.42814748715369,31.116356914180418,43.13474425219208
22.28085832842312,69.80796593279761,24.140323406274266
38.70495578322306,29.062077802675795,74.99494005883535
10.287582809556799,27.63987551508502,8.39580192805102
46.434040297463014,50.71121864948287,91.18632600466387
29.00660939351523,51.74755197847231,52.70200621493112
21.471271958593185,66.4974914223659,25.716896566829337
28.54788121851124,18.172353193815688,38.25596999959582
10.807930617307832,47.58014025518328,10.925895876429282
47.14565981318776,31.58464851733391,96.30106935222753
44.12935259866482,63.48669106052155,69.19128426658871
16.15155993081081,12.543852382136972,10.55544978267965
9.583126931407223,60.99457536932081,7.417402303627318
13.985138211829101,35.98896443537757,16.877178839560823
27.57646247028912,60.7827717915114,42.80218166282687
10.095405046660641,38.4456483694223,9.475280830028149
26.82828091142129,47.85789447800778,48.94699019593058
41.82622886278475,22.017473653025185,73.71177216642104
41.35241533219801,58.50148993876565,72.49759214508978
30.01418663895317,58.96695092818003,49.61581052636379
23.540798252824537,19.68783101776872,29.542856996100525
34.95943581194153,46.72706146799356,69.32196291396933
33.771866024424895,33.6599146719943,65.90439923810328
45.808995980292615,51.11589080029039,89.59910347701216
8.843111793089323,41.48627934931001,7.502661072619654
39.036022463463546,65.58941932125907,57.5097391240969
27.256867374369143,72.63232995819108,28.377854725734206
17.045079673743388,38.741908806678666,24.32482020986348
45.43686097560365,72.73797015301052,50.85438511452198
35.85707459711064,70.12863829855542,44.651123336666245
8.994797013030471,70.54964833454434,4.882059687848024
19.427895794760204,22.483205869975144,23.35114909880882
15.771642635392086,39.2577955609721,21.352326852069947
16.303640207201028,32.439731021154934,21.235675951187517
11.074031873223895,30.732373589129896,10.261261538154262
30.752771654390052,40.92975956637447,59.9596359883211
20.602344255616003,62.25164901999798,27.16099550825593
45.207948712699306,62.97524560316779,71.7777169694467
19.940031595295565,62.11095174862876,25.901743568546355
11.839108211332304,19.122259166390364,8.379343652103126
20.55321666662715,66.53916583308398,24.017028912592735
16.085671125903584,14.42773862290757,11.812514955922587
10.926929084285979,70.1121477970706,7.14621139892092
33.52024781362795,27.724081435898366,61.16586050190593
29.98831213976816,46.93057356977453,57.15744479411214
34.49461902982976,26.323128809513143,62.19103992166791
43.8981344237479,31.655799345600897,89.11272936660563
36.23592442893066,11.128725246055042,39.263006980034085
21.769570845236625,34.61968725711658,35.245009528361436
29.45679928623565,15.091538324403755,35.324085806624964
40.555911817674875,25.244656123729797,75.36296065883649
35.46670166969046,66.22484862708652,50.720811221533395
30.28446303086809,61.861824470538984,47.20234269351066
34.78371404967525,34.887085800640534,68.98443287835163
41.39863425651044,30.629095891986957,82.63352363146977
30.704581298818272,62.17784173990776,47.67677625509146
22.05301594156284,31.19373253321975,34.60457952265458
25.67057045777702,67.25744460444075,32.53782658375578
46.84647934155492,48.15583890019231,94.21637213809574
34.76597923956433,73.22915355672399,37.39876812421938
9.434608313582409,26.245500450631553,6.87927411037759
36.900500281321214,67.66211233386097,50.589860687824306
43.566306274876005,39.05750237984528,90.77884043328852
9.020295603134008,40.64470341097339,7.762652853787978
15.38305655931742,30.38375184976369,18.590810854621527
39.752040057687765,15.28689602181208,56.159968701564274
42.2411547866316,39.93683600769184,87.78472915898739
31.82287689952678,16.275656186497528,42.08785742672399
20.18115852607758,16.279064331039205,19.69597085523497
48.26946752964993,66.50831545283754,68.96442555150107
25.68347394604071,25.652178382656977,40.02042829138362
47.00547973624335,34.12176170088802,97.3450919002083
12.244299425931864,49.42150719177684,13.599148803325805
47.46983541551673,10.26812033502258,55.63166129198998
15.715617946429944,75.69133482872853,10.234733654695098
12.698868508572293,17.92704161478739,9.091101362747562
30.658424710991202,70.3290676306381,36.713295610999126
26.469941796226674,79.61949796791673,17.124465534657684
35.56272647920967,15.185243504731343,47.55234228173141
49.67744592568889,38.55259657461333,103.87104475711585
17.933114023046713,49.05154285045199,26.35907832475339
18.693841631938895,16.052025498410664,16.99193863222417
5.0642754385629525,41.470834704418365,2.5470271699438545
42.658854000196655,50.06206299410536,84.3066380411395
49.964328452454836,30.079265195303996,101.28191740230916
17.62047791420249,21.182462216376095,18.8726259828231
12.382861471940084,29.963061720703347,12.453073872626215
40.67780203730872,73.40297534455135,44.05107043205011
48.87892263684566,26.260275786751684,95.15643562341843
44.65838955263413,32.97785624941359,91.60308029650403
10.077824503259798,70.9017447864116,5.949166162682769
33.62475355896284,21.53116272567432,54.32134960618893
24.342406588085115,30.108038641394735,39.81567370136024
38.155755591958865,41.739136143698765,78.20305197288384
49.517597529787324,13.832148758171659,71.2199289011528
20.9756869761311,43.733011697698416,34.5088424545912
27.64100996367439,32.11550756699457,49.37116791038568
37.81581120939056,71.23229514422823,45.210764263650645
47.24236858900384,66.35653637596684,67.93752311053946
43.276108878796975,48.538171043399686,86.74315872461814
42.164970189206656,31.245273640356654,84.85617334241923
22.931544294914648,32.183910967298104,37.2861689393528
26.032430095156645,29.990573136704548,44.02983106448488
48.27251490145011,31.89912396039677,98.95334787131696
9.412004214992292,46.87720162352894,8.460081910668904
7.569458530032937,17.738021641600636,3.315470258720145
14.872522513831083,42.504517491749915,19.500739866508635
24.496291953906255,65.97843034019539,31.74321179135106
38.2763594247851,39.842280579349094,78.58431006423667
20.016689340903348,32.1528148843049,29.959288113274447
39.829778928230404,13.64506843548888,52.31809709758176
5.576974227977262,65.68810743486537,2.3215257755384004
26.471586919507217,19.16167969875032,35.15925541623921
15.600467056752557,75.27527671681678,10.371943231611283
43.67763390312041,59.684953515678075,74.86098424582939
26.700135365179694,46.422653833397,48.984461378580455
48.88600408777814,77.60393107190009,40.62467635569265
14.687107060362543,66.77731964137226,13.72017972904812
13.875919977515757,24.947623451876595,13.729222887578036
35.42418653740596,38.35007690112839,71.52714083677593
46.91949831979341,16.230681442720616,72.79623364690583
28.018653836427188,74.29650713101849,26.989191756077304
45.68511472157773,20.957044939101884,80.34906592372408
21.49869650434054,53.33849800326874,33.82957921812363
12.172769814713098,77.7615520432017,5.6530656057421185
46.163719792744715,21.68651253241284,82.64734783724347
10.451995756744344,15.97859379657857,5.6861998764462625
45.9249648816484,23.553666685682256,85.12250389635052
23.73282178449596,41.41959559564021,41.666568155111655
31.95549698961054,15.021474062319747,40.08193383519248
15.204137783023217,75.20432708432482,9.968518555467593
45.878454827085626,64.69034531839846,69.49996265870098
5.8730560528196945,32.89047379472714,3.1375949471438966
33.25814309043085,29.263314824143297,61.82418281237333
45.93140127741998,54.372262328270935,86.21774852812517
8.235802279240051,73.63039121849921,3.5589979566600523
48.099499617930014,15.439869287420784,73.074430944418
28.95621056875917,31.23549975499193,52.270470256463845
22.677758441663105,22.575585256873932,30.404415643656755
31.013244590558564,77.05855472742235,25.89176250891518
27.638267012222407,15.80402069761368,32.950393045966784
32.90006000648337,33.81560961158799,63.756815196007686
43.5166335316084,40.42747038215292,90.6028701384523
13.677782402401052,23.377393588380144,12.78608917097689
39.59438813245222,28.591131881515192,76.69857390508548
39.525502737165034,24.412111753661957,71.91982925625523
19.475886591558925,42.584088070778954,30.682390525168966
47.44381323620528,75.22119973276773,46.2877751025657
14.309234394002951,35.075332887015094,17.42490521202519
11.722972480419754,45.6989555519448,12.743803013825325
25.726214781259998,73.05321137155127,25.665259457262437
46.85024200059827,36.84971737051045,97.79144086691687
27.128207435854524,72.73653744022931,28.05009183190468
41.30185134852776,10.25594179412545,45.295280593773455
19.40268038826121,39.52419693552881,30.269796971974507
15.337232765745426,23.970013112715712,16.036293574004038
6.700302796805585,55.03588075488324,4.152352486393906
16.812963071742452,13.664302490191917,12.240360580938306
15.394068973762863,66.13397669852885,15.184606572470052
43.3170131740946,43.81463716353119,89.39574426136312
23.72318016839088,78.44975854512472,16.19363253234478
14.025409681463145,25.075149799822594,14.054481823350606
18.13402296663799,22.09301227967611,20.46030499018717
22.071451919188398,73.75839588928277,19.80317776314367
32.69065282828584,38.836258402858455,64.73985838878636
47.04848575570467,13.392496273307563,65.2856334051594
14.462428005583762,49.61220235712313,18.25296075934424
32.69986804369306,12.76902545938292,36.96407225574684
23.13674410582095,55.44077753816109,36.75961201687084
36.41317458815307,54.66979317613885,67.25071198910865
19.425345096241607,16.546408651853667,18.650381999884974
24.220060088870035,19.012810615763883,30.245574231020605
47.64306463343002,43.26196062158398,98.69247683667018
19.27666284605904,63.64128497832301,23.635522272391576
27.407686666201876,31.702381680871504,48.55681754789311
41.53854840758608,70.70065057007854,51.09020841269184
35.285367482990466,13.287509568536711,42.86998367585757
30.484529607493943,63.43064383980971,45.795225097702314
11.142635543761198,26.006952596922236,9.385110174435345
44.71227972806614,11.408520529715183,54.84591815628055
38.87272120216892,43.1641304760096,79.6276111629792
25.10474714778231,10.496757274642102,20.244182467346494
41.87292039349217,35.18774304455965,86.21016308923384
29.334453408524432,57.41104804349616,49.54613701087674
36.61833093970621,76.91860411782505,31.862086854019505
28.91029789564741,37.980368568209926,54.84788396048944
47.916663192126855,54.94771645178648,89.0057873110315
18.416766032445004,18.85249717824998,18.749269354374764
42.914952565933156,35.35271219559061,88.67440225695476
34.7211374613994,42.95714935561287,69.78381443466061
13.951840090776725,52.118062603432556,16.802560434726338
7.7307381027807045,38.933972190983454,5.725778591527267
29.597672284865197,40.52328818830053,56.963239475415605
38.690247886294586,67.95474681817187,52.73954552143184
39.70593833149301,12.716906346826148,49.67239511129406
13.73579467006875,47.5625256484642,16.856672073231643
47.06699181997106,68.44697425364818,63.05549824163259
42.914052875831075,31.22457356317724,86.57260695739761
24.325155368541616,42.949416312115616,43.23767470898735
12.081721250745968,12.174769117111943,5.907327357586529
47.61063047572326,26.84988099644547,93.11861629243744
15.79770066756341,15.836533763813168,12.354323334157893
46.782848837470034,50.58159804578404,91.97563484756328
35.01665857064093,73.81038210841368,36.583589888900676
20.552907600535526,53.50551177966589,31.503912525766168
6.745975462799936,23.074076976179054,3.2757624501752227
42.40606122904741,63.6737849436835,66.17333328359621
20.77892111557161,36.37674394419487,33.209391483011544
29.009949509911074,10.016870327959419,25.062416202448695
15.855995121711254,24.576226602575012,17.311983171604748
16.271732603739355,66.4134089773409,16.53530814825094
17.58532354458994,23.40649254351037,20.156920372364898
27.691855735686417,70.59515254609124,31.811591336799204
15.860736672687494,15.497536995495908,12.216107259430965
21.03821311323491,62.33562771954845,27.991263613203127
29.781074511265757,67.17553587020433,39.7956462532719
48.18164664241553,65.4863733726132,71.07160687765449
32.1711385479689,44.53391116366664,63.21765562116336
6.803108885672,78.90253851698289,1.7235169783963569
22.256650515876913,20.655974974180676,27.802972813549715
35.00189849284055,29.900180236682154,66.64541349128744
31.360022191897144,51.073753549121385,58.6762038090977
25.057841940629114,68.52830308815298,30.08182315904153
16.923517769994938,41.40428141324139,24.282814912590222
29.196145786593718,56.453730453710975,50.01793547002445
40.27873327275152,37.63650980147793,83.12665771856864
34.07211248434682,20.54276671479634,53.90247957196243
46.96916452441154,36.81411644947025,98.03888219518551
37.82846398893973,11.423875731752435,42.814778113760354
14.233421430716314,44.09577810265046,18.074971314429785
44.521361047955594,46.9078604965474,90.41586679743816
46.84417170322455,43.865782760795746,96.80365250042065
27.070209353117747,18.38227519503723,35.43282360105748
41.11953098684989,27.287578872694375,78.99893111747596
45.48256202175418,73.75769542312773,48.31577510972916
47.448955034336734,46.4161342372163,96.6437743123645
35.469220315263996,64.49611160431644,53.3908551134991
10.895657839270953,52.067003649824805,10.773186977956886
6.543405558649026,44.82962583721081,4.230219843647992
11.967920672910234,22.80460481734593,9.79669872721591
21.42714050116707,40.27060167015521,35.55860340122829
33.04275910394843,15.209989290696097,42.5697516124946
27.666129255685007,22.78375911771708,42.009015248324836
30.828882876428384,54.618322858282845,55.10079651751574
30.051916544878424,61.68068573348154,46.942399031730474
20.102415990840562,63.557461414319164,25.306491343588924
24.474518676868716,43.89291488258178,43.59004631383979
34.16459572674822,11.285086879945677,36.14715639661355
34.429739963911175,53.300960435048076,64.15977119263519
18.943120253897597,16.005599942964263,17.36050875041458
9.092095246086853,74.625662288966,4.059952428844096
36.01756945516267,18.897182963951828,55.58657908040634
21.052542618900787,51.47380957311175,33.39311022908632
42.60072672907919,13.056265009910597,55.98207256448969
15.648490916150399,72.2824293206766,12.272942544860774
5.412449758271742,24.09793719557212,2.190736044748738
48.15608791878347,52.938129256551974,91.96951817385309
16.77521149868779,14.689376607709333,12.970686780805412
6.268610320124997,27.132155574584907,3.181608011435812
44.66686188150097,39.113955800825664,93.20741113366208
37.41500161246969,74.27995247659705,38.42798686906267
23.361820772126748,23.389415972617794,32.64767597279581
28.270306888561375,73.5658580941898,28.416161455290244
41.19684863619653,14.608089035420765,57.406996804346214
36.16577600349118,50.032826572126766,70.390612009776
45.83584293558915,18.57369917952081,76.00796989668726
29.03162509420955,71.56238854583246,32.45495219450937
23.451070403378434,43.739644241300695,40.92312767004988
8.170730495013123,29.47005483142376,5.615486567779613
19.60279921260263,76.15857141214208,14.29580364121867
17.720031224352155,42.26081146887564,26.2703587335263
35.20869906039259,21.35283606855142,57.690793166972924
26.88990742138435,61.69773276331353,40.53317156570671
44.008484586217975,53.83814922636987,83.27867127111809
35.10740818926266,18.839843080919827,53.49663702667604
47.55994237608562,19.280185423913764,81.04743472530951
39.86028217318093,28.537142524482316,77.27582743414851
47.01169146655632,60.39716775586357,79.16613837218435
38.9216170840266,25.334142114191835,71.67065505370597
24.936798948582236,53.24692362125005,42.1436740782542
39.64881281929704,17.27715631386727,60.30782713260059
48.30643924045378,72.31544693881892,54.94980665120083
17.165686572301297,67.59321701226324,17.379878691630495
28.324576536792055,42.32645370934131,53.69667565020001
19.149534761513245,50.667801064211474,28.982452408644097
37.8450102966619,38.76530334739308,77.49008645391126
33.31486368537314,58.951904480871264,56.47967349619055
37.000481765687866,13.637626869182618,46.905076921720806
43.68865125582801,42.07773203355335,90.71912724803245
16.80872367632965,26.923515523577713,20.338955241688154
26.735635077977772,72.07820776282715,28.391166023725283
22.025641175719112,62.48080227484803,29.904744450527154
9.356842894424837,43.32396915057432,8.386406375674463
49.625876317673104,63.93064619546359,76.31723052249923
14.473781979827585,45.10090315885375,18.599510758719443
15.513114364185494,38.66926490837565,20.683189838950156
40.10378106807342,63.985737070328256,61.95562047207592
15.264517005607331,74.5556322708402,10.430912614822944
31.665568224417207,36.59470036734102,61.652822456575265
27.587101135138727,52.35498774064206,48.97849838190157
30.195073933060343,44.048352487532476,58.336197666970456
27.721976184023006,22.348833729952034,41.66217404620576
41.57298069371057,47.92322239587108,83.58786680538938
10.898593776711639,63.63099711079445,8.835799530590112
46.95997902698079,76.31148294658735,42.82952176856741
21.605797958502773,19.486181149252783,25.391371493241248
28.32798319848793,17.88264605444545,37.39934965280164
47.02943383306778,22.85057391486022,86.43573623067084
16.374463697802383,38.46455688194793,22.674614737470762
22.24240108516066,65.62640246785223,27.86614711011852
25.534256924793304,21.953778200233582,36.226161894942244
17.024445296873335,45.63793696312654,24.542092063895282
11.63542628417607,52.815897295220985,12.059404570664773
30.458628794801566,60.02916214675804,49.503664762325265
47.19670769207155,73.85781927708089,49.75737218645421
47.57340281309741,27.130091791659066,93.36052929141202
10.920438798770958,31.159369034751396,10.064832149575997
45.27883277448416,78.04374322364417,36.60266600877567
43.66962279817142,17.701240478928053,69.61524759758125
47.634259912690695,39.63506191455502,99.5584373329627
5.418963084305916,40.96756185237355,2.90288102370504
7.073112635396042,48.07145448127823,4.888572842470462
20.234931234667307,43.140445351583416,32.6186978134562
32.59266623344027,70.81607670724742,38.789056279955346
34.785570941236784,40.38342079347265,70.12207131657276
41.87425341516643,73.39074963011925,45.40957129021112
10.389198489448875,47.235308428695404,10.163730866248676
17.803038188409985,13.294283851386318,13.2925267164467
35.08460128012934,70.39395442214578,43.0794984595891
12.330619451482733,66.86895603367304,10.046414485025105
43.40280800916237,74.00383098665385,45.56814041687438
16.93782900887236,73.27671456329224,13.339395149146343
19.42982396313945,48.6636609418852,30.085124554935405
7.272836187452696,13.071676185812052,2.340813147902763
37.41679457294913,41.113598458445374,76.50638136419485
16.53315689161479,23.328944721743714,18.0299744951239
35.14790708866481,10.02810808177379,34.54987078824793
41.26510261385844,15.547472429095016,59.806629977296694
13.617032670865376,37.03654767093627,16.24626851003662
26.818643287224663,34.84965810697592,48.45456021076819
19.432047424293224,77.4741208451232,12.866950916040391
33.87108565595274,11.640306875717174,36.48457681773892
24.357915879994092,71.25060898207792,25.87802840274736
18.565528388480057,16.618944134207176,17.24772487768275
39.1273147215463,52.42096823552569,74.99674292139713
30.664062852192675,13.750359172518554,35.212218430028116
11.32245544079828,53.57845773491796,11.383815579340006
14.352072865647612,45.284905582389705,18.317538842109187
29.519675871322704,29.845503318965758,52.818472146809874
47.67913199936718,68.97248747849025,62.58232175197633
37.50680784347593,15.459570648658636,52.04281162445836
9.775850868905874,44.494694210546896,9.113055667075175
12.232100713594356,78.47858244706319,5.389795463789589
12.133410531233425,44.12274848247818,13.588803153470177
21.385447557867742,54.75704950178686,32.97553068515417
10.80663840002412,40.12214996296736,10.86687095719081
17.361726476321465,72.14260672701816,14.7070694704021
6.826357046061279,73.96092458045214,2.4375383427232475
42.48473623488502,30.82995015085708,85.30251116146827
40.518079460469714,12.18494922371233,49.70109938783885
48.508949763202715,46.86164598128526,98.42286877925982
18.647646172945038,35.38082488162739,27.60351038654013
7.988240905722382,79.25446598294275,2.278157774304321
6.768137531781161,55.84349862035013,4.188940826365626
24.923116746790622,76.42413527321006,20.169551573598582
16.06998831380578,47.24607767566079,22.15317336304239
26.706029386223882,59.2006510835071,42.33053648907615
8.060460437858923,23.565239101634837,4.704372520152899
14.655416904178242,61.670552838918276,15.739383395132407
13.511241334703303,50.144423472368366,16.136517917286792
14.685971922542917,70.3137465058785,12.02439987406138
47.39834545203373,46.294508245956834,96.62154435864161
20.85389978941302,26.38404425122494,29.073102270026578
7.24014506853697,28.795005333824676,4.380301224853247
34.440610097539306,47.35318519164476,67.83665661237248
47.48185752264173,37.73940837441904,99.2511523665019
36.22385040477775,44.2525923232585,73.13805606131922
28.065929716589526,28.744202022288224,48.34235305715597
25.472784957889985,42.95494979088951,46.23805798588601
36.798913478702026,75.84479994302797,34.393753476837766
19.819457486712693,12.954032800690891,15.8281889799455
27.333280647528788,48.1122932504418,50.145247553246534
12.579824800936187,63.23252243932467,11.583433308800654
49.321809879867125,76.20423019059227,45.10499443186068
13.869771747064348,71.27542679305324,10.43707768883989
36.70221363852581,41.76925946648381,74.73286862555851
29.327494744612807,69.47201224877207,35.910534989546264
26.606072283726792,36.124515837358885,48.325156882339044
27.196137186169363,50.53908628245344,48.89396528962429
13.508494420025698,73.06354111868934,9.139916656078478
35.33841269733262,54.32882421362422,65.27933400148214
9.477330178128717,52.29217567208143,8.294951766098695
10.443229800732155,15.508837263677933,5.532031549609968
28.7289903039077,38.19498738325465,54.41783668365523
31.496462157030045,16.245551764006702,41.36476051027737
24.394237828126627,22.23507005316106,33.93230863414943
49.419503866585245,49.280514870462206,98.15927974283305
35.934658742339025,32.779279647782545,70.85209048461522
9.263251165070486,78.31096039484757,3.2679419386775694
17.881656592243246,39.6665729621502,26.485648267540284
34.243876476615874,11.72881083802779,37.33970746847485
41.461660873277914,47.56047330200342,83.57798640040488
17.519773418096996,14.312558970472846,13.743752826088475
12.312428696349865,72.65237011974058,7.9109332907241265
35.8710900771151,27.493120514582287,66.70442470890526
7.952034422526329,58.343071867064545,5.49110240657252
30.75834766854943,38.31636671207645,59.71185496989285
21.36251521355287,25.17699931503758,29.44543965074581
35.13250654418829,77.94676194557094,28.20479077636476
12.907186062657164,51.79816340108523,14.682617793273835
24.08832750856893,41.268210522126545,42.59747509223736
16.436627605751646,67.75944129629934,16.072726445706312
26.83650218662585,48.03840965387849,48.90974797276908
18.71424107587966,22.72659259668648,22.036369047362097
8.865967469126922,59.98833986474411,6.54247191357199
13.830542675953502,58.305274793215844,15.229398225045003
22.566940072112924,39.1042360692756,38.3819329200846
26.11298732417473,35.739595568928024,46.91040053638325
9.527898975016555,31.674226700199206,7.852009805360553
34.868046231227225,56.60490810282097,62.12715423118168
17.880093825799747,42.20718385903816,26.669656044691408
13.705125260537187,24.726045707088502,13.34179966933788
6.037118978297333,72.77225849354213,2.0447298543248054
14.48179992837078,25.927371385552433,15.221443232169737
17.582064469030932,18.91856501868003,17.296053470432938
33.766829743161324,15.26000672243106,44.112524228966414
11.039109184685762,55.132970861306504,10.664626898430615
20.284727921664924,59.55634786908323,28.110353676004504
30.084113510156392,27.921482114305913,52.784873847179746
34.287257772019764,18.139157620501646,50.51858152664181
29.13846723860137,40.60036735315242,55.78233972706217
17.054311226784833,52.28034984176501,23.6496064428014
44.21001165531271,79.92332898341537,30.51866396421034
32.3493245934541,38.329411203041914,63.788250046095854
15.134319509729073,27.996726257657823,17.272873346254496
26.575474016739456,35.70943908964965,48.12115028979295
46.12165351812249,35.78068273589967,95.97588311087006
21.805006601544598,36.847415870378384,35.95915363366409
42.64790946654461,55.55518245928313,78.70251710788743
32.637598264350174,33.390011566870356,62.895152038269444
41.805687957459774,12.68547029489908,53.47644523507334
44.185872755215094,45.892492985575075,90.30691328058478
22.921260568853576,44.801709650237996,39.474521758993795
35.0336988740224,10.893579856252815,36.627980717784595
44.219833540621146,41.2717667717975,92.03229910805649
20.433493386503518,19.677189594383997,23.219763714668378
24.775941846129896,44.74259398990652,44.29341031998361
23.1641012522065,57.50620656788279,35.66868290059383
23.94034379416517,77.29923044926014,17.913123132909462
31.967488302061632,66.52345549563363,44.42634419465026
9.921015639926548,37.810390506213395,9.126795865865487
20.15814656512187,49.86376716956143,31.63976310660845
43.750108402764155,15.483675243340468,64.63812903106285
8.265865912011986,69.52223957103192,4.339375668969572
14.578253871726083,56.81272781148696,17.111722396731732
29.429515956236234,68.30255164210607,37.689879415894644
10.629000942638159,19.08480760058279,6.8114538308320975
30.05682621252384,76.24650573508596,26.294408242013578
23.67489912668394,32.88594701782864,39.491150451914514
32.30101954390486,75.13140203815217,30.848877529136598
42.66175247800807,79.68385275132539,30.115063590616227
6.015586244106969,17.900070129893358,2.1255773061557686
32.426049351497994,67.44035075336947,43.85915741636591
17.835995403804496,26.74477616239531,22.46441463353809
40.41391097215404,13.946729769726211,54.206834507797694
21.62221914121633,45.40664558146308,36.073789245225775
30.215690345764553,61.003060975494385,47.99785996211162
20.96805755437962,52.887904127222505,32.723176854718396
31.341894025593035,48.333127045762296,59.98584077345237
33.82174819139955,28.161441974765342,62.301027725505605
8.809193911308304,18.349017042782037,4.591594372516632
15.106207219425547,45.01385548659497,20.03856854762349
42.8199237745709,59.09053394618689,74.2714483465747
40.50682718909212,34.56829367482639,82.78500407096132
23.209418374184757,37.55773201934289,39.77753972754592
13.634293298202568,14.285166070050042,8.583805317903222
31.591224177225207,79.24516783944102,22.33842239491776
12.507336722761828,13.267937392949163,6.818215643689846
40.078925682076985,27.681020467930693,76.97280927464345
42.33397124088177,59.27556669241608,73.1533558818459
47.555309167286204,38.624906502967036,99.44069562288576
34.78864277527853,42.539834656928946,70.00691308643266
33.37649137888445,41.471923420541614,66.6052659599409
13.488451089083368,45.55281912023666,16.410286437023604
28.786289064684905,66.74226937821128,38.631468677128034
38.09843176071115,56.46541367590109,68.84683510422528
10.102419299865765,60.443140346460055,8.278004578666959
27.513732035953165,72.58696752743114,28.803566345472326
46.394192035874426,13.860961342124982,65.43249653443694
41.92887021595155,12.638817329586942,53.55938930103063
21.52263315627602,47.96099829347554,35.4487005508075
11.664535938220734,62.241966879835374,10.359154743786531
5.375961687746235,21.80193339038258,2.0026712484405063
31.135857343406407,60.00712934261047,50.9101164353247
46.24893962122623,59.38476563542367,79.62427187750019
35.230067161468966,37.6038802445465,70.90733661631866
5.057799148706064,18.411148111493535,1.5437377495972182
29.054954514021762,57.25909200910938,49.05672951315264
23.78517277534081,61.14753080698731,34.542310047862294
28.483803289948042,15.192333691601855,33.625571997977275
13.640731293557698,68.799875627076,11.228499300143241
37.62107359809978,72.63333909087464,42.1229296425637
10.290076210442145,79.31557742305517,3.65446305457488
14.423302127747013,10.824591340064941,7.460079202277552
49.884032257409935,29.67517198115792,100.77986059048884
35.06087536306519,22.367761992341364,58.80214268815127
31.110283948961378,73.28244905181916,32.61993126000504
19.408152534279736,56.917778323105146,27.48653890022938
13.455661495928743,53.73567791031077,15.504430502028448
20.140265831787957,24.78457810115662,26.436310426946175
19.093192281663583,22.518874795545955,22.68467664769801
45.586224852704724,37.80308204219902,95.17282629318764
16.03756872384653,41.388548871115304,22.156292605347804
19.4241275062923,62.10934776693282,24.860366520580133
48.704896034847245,40.66235596883528,101.64215155238149
43.74650299875082,49.61041514917336,86.88199266756891
12.075604929240507,58.34359194569391,11.952564754415372
28.104552370661906,55.54245662764724,48.22749465594338
45.035933565724925,40.830419945923225,93.88282252770148
45.552993044781005,62.546830999715844,73.08522560450389
26.987221664509313,52.225549496057454,47.60032110899948
19.651150963355516,78.8518109817142,11.75258940218988
35.030802337267815,13.069279674764093,41.88448557657444
19.697985758660394,53.63201036313402,29.431517442735814
7.534997500965791,11.671893392339994,2.256635542192749
25.251090778751117,33.2883125784869,43.7367721385335
24.723437361492465,28.388531691600363,39.70652639596453
12.412298612434142,58.24003498862364,12.582126158327062
28.15570023205102,24.01079478745568,44.453988758021175
19.381524181699923,51.42655353643281,29.34880560146895
8.250320672261502,20.321710648632568,4.396163747633976
8.296052184832554,66.86221328998832,4.81563920862363
38.85841549454042,62.731905231548,61.90042466933535
37.23464045642126,56.85697965689084,66.68595047051117
26.464636192017874,54.959471445498046,44.82546751989316
6.72626996545886,53.50250958597492,4.259540314521755
40.00449674915947,45.025085226907315,81.63654705839379
21.08809977922566,29.41987143606854,31.344959872198377
33.92609225729371,58.49608390409361,58.212370827939644
44.193541993814414,33.96338577226935,91.0345223537435
39.63975383235135,49.294907693253656,78.53428738284452
44.72764208051356,46.94684758069345,90.81266773126092
28.293342277908526,50.451395700863635,51.62752545066661
38.71919098140955,77.52833351799227,32.44193412196616
8.310350939709455,13.7404221673712,3.181983955262861
47.18976518333023,47.09129378627443,95.68133875099639
32.67063565551212,43.76965211163102,64.59907380125938
9.214585367336351,63.766256489306656,6.444896942510664
38.62510902898641,31.81923250449684,76.86442550185615
18.78076603527802,68.6488966633863,19.370414678002792
8.256076598359698,71.6773603849596,3.944528822563154
16.54977604531615,51.50893234288458,22.65042795956644
47.11973805508,57.46857510756525,84.05967394349058
23.649341561016648,58.26739462337906,36.28539141865943
20.47908363423666,29.40808914444303,29.87041094915835
49.85074750706059,62.55531618258514,79.43235230472577
34.01239898218179,34.87027502535231,67.03903593626218
7.212237311977168,12.173981322460893,2.156956293485181
29.938156495195948,63.34229047273357,44.856165414311235
29.18206356997348,68.85495503573802,36.533089369652295
6.504193989194974,35.67264534981581,3.973948966748519
15.668167602838013,41.30910777099854,21.28987769189512
8.256937693735512,76.78921490997507,2.9444621051546465
15.046493048121242,74.56154428385094,10.16932592806822
24.165191976650682,78.98668932786526,15.910556876769432
29.932627255709484,75.15830049230652,27.996122307234543
5.240704491240028,62.37671643266301,2.250373684707458
45.63727938961319,19.780439688526783,78.02878117046481
9.325663327946817,39.72008250301689,8.228246547624071
47.01555077598208,47.967059213330714,94.69141102747993
28.735540867477948,19.878828280952533,40.98996421151853
5.035527999194845,66.70980635218228,1.8405370607316596
8.94085533438072,54.36948731147268,7.274164629306674
46.157740453183614,24.60563392109017,87.14306334150491
34.93727763066099,15.508900369525662,46.961918316657524
32.16898147269258,21.475220466724192,50.896420892783
38.11791022318301,31.086190635573573,75.14695843876231
25.85259539620908,51.96013794193352,44.97197230174413
12.70730347998078,61.914647303233465,12.181622086151522
18.618815328656655,56.36603019389275,25.946240217001904
12.122737281471814,58.16823614444452,12.07570027738152
10.76846327647078,39.774954738898856,10.780142108894285
16.124273318249458,62.38626745997278,18.21497199148198
16.791575202809355,71.72021144767774,14.194100057798696
45.13190951329758,23.75089206559501,83.67102528533988
32.623067525347594,16.140234920397504,43.470535339696696
22.619169482073314,59.932521065089055,32.92346316240149
34.67404610824623,53.72904685846256,64.34961560506983
17.71433886480996,36.461746460408136,25.568718356316335
9.632576511512879,60.33159743035207,7.593136015353439
27.674995855607307,59.613594264195825,44.05939613770634
16.202458615859275,32.71067600445463,21.089713573626675
20.039690176705157,11.801968682305134,14.918908585083077
20.34715427737806,66.23132014626235,23.879600396566
45.37843230873823,46.27528209451492,92.56262972369728
25.49757628486491,12.157723308955918,23.49805336868737
44.56419519134222,10.91071493981109,52.941750627763426
47.51375360945953,44.24513740816634,98.00256091223726
20.3870522108627,74.6952904389862,16.64167888302581
6.097594689954353,50.6997426408361,3.6115149727467473
29.701963602470194,25.352428084796745,49.51496926282253
24.299934410759477,55.65848041606392,39.35773650087074
37.720903859686736,10.050180109460584,38.772256039600585
47.15840435409569,21.516776067496867,84.47251442739622
15.511119540006163,28.443141198569375,18.20759365005053
6.701906144841589,18.613648651322745,2.721829892170406
49.38574653248729,32.065171616410026,101.42887973567827
10.18854906525722,17.489388282223633,5.844562865607323
37.37569854514874,69.81980648228486,47.358629466577206
16.562853477881145,11.463665863466447,10.21960598945983
15.039050830041012,13.956098355773014,10.124476435614705
9.652772148351868,40.20556838933497,8.804088654708876
15.346326688773466,46.11621149677964,20.549815459279127
16.407218896573568,75.83761107720633,10.90918831325512
45.7674785566819,49.676427350732624,90.84382443036168
20.949079639432377,36.68028174243149,33.716643151300495
23.533352741502362,60.930552549446084,34.17469712849473
25.323754798347707,69.97109625541282,28.874736562548886
47.4842653668664,33.51623073652537,98.11894046857199
30.231251661905606,16.65395757827951,39.45826753310665
14.021107149486154,38.942603669711204,17.348615171190062
14.279122215580049,71.35923435521022,10.940478937192866
12.122881522659412,41.89625750871644,13.52013015159726
32.2564658206944,58.43047357125911,54.84309170959462
22.238121637692803,70.836934810731,23.05916456318865
30.574361798506647,40.76554463132862,59.49610033705944
8.025828532341649,42.52826279116155,6.253607872009301
41.93311283670786,53.017871275492084,80.13790372268673
42.44731041781033,44.58081694195139,87.21168369856099
10.330776729251683,10.954789208511675,3.9540613911389717
18.6448796023366,58.859333004845475,24.932997775253238
40.56169567737622,30.702698423423058,80.71187021204847
27.30442643974612,39.47832331038572,50.89132301058816
23.473525295814255,26.194409924010536,35.12341973318431
11.136699726325627,23.76819907618492,8.80858387864011
7.4899574223505745,23.869151927650393,4.1179793916839
5.414040393142075,53.90808804451848,2.7809335195648344
19.23689333244573,78.1201297998836,12.0539198260883
13.717267284933405,34.20799992167157,16.00191698274838
21.102852138868993,10.591604724372237,14.925518417918488
42.764357886775656,12.239612210102731,53.9382358642861
47.308092562815865,72.44520457655344,53.57759693816438
29.09848622386836,48.051690243790446,54.57759752184224
34.420006533027035,37.093500835442086,68.77550854625441
34.1250027529035,13.13378720819408,40.354832239749854
7.432143230737696,42.006129373368104,5.387999184398019
29.73300354977157,72.14723482350733,32.57592232599585
9.709728525855333,67.58535490357225,6.322880274931232
14.45213017814313,37.585855395702225,18.13769760545778
19.24710956723358,38.01086910057793,29.66048421915071
11.772297413266351,45.24990520824885,12.849423231557621
41.073916542411524,40.90738072652279,85.07071221054782
27.07761091541896,69.413730969692,32.37988961088089
36.77261515871139,44.33180859638493,74.41643149356352
16.596304168513086,71.94487227914766,13.774030114627502
30.965918076075127,25.480332707748538,52.736421343283794
17.110388868710466,66.21931622553721,18.090907275282973
6.986550293935496,79.4464530920174,1.729905427539795
10.86582558716563,65.72479677778563,8.278740167264274
22.76488925472573,44.45513283012268,39.10523149619823
44.629275985906006,38.903783271244926,93.12803173595903
29.187218915295553,13.450976368641896,31.967446010954333
5.105636324035392,27.135991110120813,2.127515715107712
35.62623918134453,18.48854253513957,54.03147506339813
10.119288146204724,38.76724256251323,9.54137227280893
34.1526667373702,59.845039457355135,57.14314971395602
13.030280334426866,15.571170316042972,8.483560441249308
47.31786652754949,28.24664677934712,93.96445612436588
43.400592392392575,70.44440153239728,53.968977107977686
39.7635166293145,21.818352465679908,68.75872008698445
41.981065666439015,63.84753914691107,65.1959967799769
31.85253455477977,33.6041424618267,60.98404030777723
16.812887191994484,18.53224484562513,15.711626452805275
27.939068010539213,50.96826128568926,50.52183082603721
21.170254573210425,43.2751347376608,35.01923900800186
21.358150581617,54.870424012449085,32.863515236638264
45.55666435084535,21.47441834328614,80.96849793155081
22.163396445640554,19.860802276560293,26.862593283448074
33.12246966835244,61.0209356642017,53.74439477662393
46.93607296688551,29.521034838267543,94.30479692338704
47.75950426394436,14.428387027447236,69.63546072239149
32.135623851406464,13.999290354033098,38.442666320504614
45.219838449287515,47.086633994903785,91.7296615384816
35.120675784325826,68.21017481373167,46.92726560497463
11.763978011778594,12.70140933566937,5.8315995553327715
44.549651566078346,32.04532592212527,90.83715973000841
10.804050856722437,42.792286596096055,10.963763948575565
31.923773406320844,12.167942239575709,34.284734314807714
17.37030462156895,12.295991199382721,11.871722094853311
23.915092513797454,72.6570020346371,23.599164547287153
49.219358517210615,54.59332874525393,91.73447684515234
12.27369622030663,73.40945729995141,7.564393138730859
28.23115204400272,20.762451847204268,40.97826271596521
46.47770012532476,63.02283355061721,73.60501802313699
37.92673727254182,59.64264926560833,64.65149011064076
14.015291949339904,24.770468419526825,13.922233306521104
35.97318492922648,25.380592507727783,64.74255657527725
24.7402263561372,64.7401277915759,33.396998777392355
40.27786331440284,41.728324076810175,83.14625111062294
40.64854722238603,68.70352573386398,54.08651799654917
34.464908807791716,25.989809661589412,61.77331321050819
17.33053011734964,32.03888087861148,23.469982381033496
10.25618484802784,29.12117342589616,8.613194412901231
14.428365094063945,41.87301248660215,18.46267047741925
45.87968965425192,17.313622172777066,73.30831655759297
37.412056577632804,58.10981030891894,65.59216820072918
9.308938939851094,74.580068343406,4.255823637413347
30.581249097056883,35.4607864794979,58.491404134024755
39.0442362572888,28.015582088114385,74.85075358266661
36.20794266708442,12.779784530057306,43.37572160067227
42.77336169241724,41.371959291492296,88.84055994864434
33.651181146107376,25.486647386467858,59.26203318985024
35.46831706963016,64.05681931252937,54.0375110205323
26.294593409797944,53.2408846843256,45.40845290636382
25.534666572007936,72.5863958480492,25.997763451581843
27.404113123144363,68.92660963201732,33.53164731589096
41.06084262216119,38.73533749438496,85.06758653923482
15.353802133586377,38.42574927918397,20.28285845613069
42.17978190988491,25.934277507357464,79.93541279626108
28.59963556359872,66.42677235725233,38.69883970531129
20.906486380777046,54.954674590188816,31.768595373754483
16.053420832196654,17.649561175771193,13.891275429266207
40.74729012917854,16.927803638609475,61.87650721006068
17.21216277858131,69.85765953982082,16.03639217216976
20.59111791854002,78.11317446599128,13.426838547602276
49.08804506482369,28.77932143174897,98.29870111678026
6.84402000124507,59.35442989437654,4.040988448502179
25.29439261917547,17.052699077170338,30.07812529825742
36.83852685401193,12.182243637834485,43.04940504012628
44.158851072150895,19.70567703793126,74.75534988399502
10.729034543602626,22.297060857800915,7.835830455369508
48.211986132143,58.52185521776922,84.21645971159658
41.06171909586365,37.83444900129271,84.98423870098149
20.134072737723002,26.413880474821894,27.4245131542126
26.6291612740584,48.6280113473918,48.20988057457344
33.429867964374,27.998295279908618,61.186368110265356
47.689433640634576,21.88309487449951,86.24633481053883
48.454392864488554,11.039928575525265,60.11533043847644
26.65065613175805,33.3357486681594,47.394285047798704
25.210553626861287,49.946520528655235,44.21110496363237
24.601512110571907,39.03927952111165,43.71201526392679
37.9725536935988,58.01133925605252,66.79256414034248
42.497207691613156,27.49712868676469,82.39825838344221
32.42878293893286,50.96363497749977,61.2392333873811
21.638201489270994,44.02402793318766,36.20705964868091
19.120196448757795,19.929107833188965,20.878895250812455
14.621054479822977,17.385955248084077,11.555021179578508
35.738130883555584,56.25091751764061,64.29003624519257
47.77728672109428,61.07748895530689,79.1620110302193
7.342062744025915,71.89716217502679,3.1187361426879208
43.82038233255766,41.0324224540889,91.20318550188513
31.36383727375647,78.32548327307632,23.892197152022778
28.95369637316748,73.37252798632628,29.622124572474288
8.73674410145839,23.3736308096078,5.471051770764215
24.833972454859303,50.93297658361133,42.903324569715664
41.73025333382601,79.17834806002308,30.793219414539394
22.49831734133524,13.319094529805945,20.33080499628286
41.052717648289615,52.30665033579657,79.06814270727426
13.934428649069075,44.63799196349941,17.40758309808979
38.403961049017596,63.92882509480506,59.25302099280678
27.48282853994429,31.36501710902014,48.55625358328325
48.81841619173221,56.4353827669545,88.44954241091807
23.37068837058344,29.63242569432567,37.0908462075819
37.8996342351603,26.95284119156374,71.05638517032587
12.726949503815968,47.08837222734492,14.73650234944725
18.049432668986384,54.023360144653054,25.469880082641414
10.307240369340507,55.84587731971251,9.3061379915952
17.7483437598966,10.01700541041589,10.316228579438722
10.712122595337938,75.35307644845659,5.277952786339259
44.030958760191105,26.35263224253658,84.63523481825041
40.02673570454711,52.6000115221782,76.69802451913543
48.690712015244124,36.15239616738414,101.58902004019953
35.66572756327271,14.4475005696743,46.17238876067314
22.831130606738267,77.46723628317264,16.50428578393954
29.254139350255425,30.151565233439122,52.349889218127906
10.412193340787308,59.24698381270713,8.966396338402872
34.01852195433771,36.17570995226423,67.51117758682054
47.79236083396254,11.554196909149523,60.7395109809241
18.667573323432162,74.4748640409707,14.656203304593234
19.44209472437482,27.657698369861926,26.53293431014064
29.03991844690613,67.66612249443764,37.88546111672728
9.641604239526249,76.01144967520153,4.162312854867713
40.77827965315238,22.687517888608635,72.38353923782694
37.04035825391732,36.947110584629,75.23001832505437
23.103260513434343,64.83030647072064,30.171504564310805
48.32531635913295,18.865911099303574,81.76642882556769
23.928360659546872,43.665912565901245,42.17437902798975
21.934031762974893,35.42323866013575,35.91831047532041
7.352090040271844,57.98770343938363,4.7547188027633345
24.629648770402042,23.63556618507487,35.77569715717917
41.721507603593075,66.17925237061395,60.53950406303062
26.887623264000222,30.89154628034324,46.74936949348371
33.71417266084036,30.170649504418215,63.64774810668169
15.620356864567041,61.13602578184287,17.772284845482453
6.814635787442782,16.633792972421578,2.5552565441445774
5.30546783106154,20.70602305327983,1.8743436147004147
8.104550391970676,79.7061657445943,2.2472778395772566
17.99644864793403,20.44876088684731,19.10453358247412
15.844831609816307,75.52879000780942,10.485799886370236
28.407210036097805,35.537266741549985,52.86155461038114
44.30261560591487,37.64931893843227,92.32063080765211
20.075385648096308,24.50977657848149,26.1013063135219
22.000857075923516,32.16790492118482,34.909761911840725
35.478678168416344,30.270789326950897,68.10710507065036
30.973988589015264,14.612451552238088,37.40797114903197
13.608012051343147,38.51836901279441,16.398440515917336
47.1627164258913,36.40763900009868,98.37716914981951
34.88333545399254,27.85610556949787,64.64446625203361
10.716510918795429,14.097562005603509,5.343980249014478
18.74360743442381,21.036271875783555,20.9567332798565
12.83047016072559,63.253151587086506,11.98948302478154
5.71271319251934,49.046708801480406,3.212211089174973
22.075762126705914,45.4584999935983,37.229518305273906
30.32736067465713,31.935738612009473,56.2017770267457
18.279898708292837,61.3381294534434,22.961831929795093
44.20746446545207,23.480714272096954,81.24884991860193
9.392844224081703,72.84570644744181,4.75731727577524
20.74529586413294,48.59221734639699,33.371436112300565
21.179441503400156,18.806163544223594,23.906154131921635
31.51992402264776,46.75985962387408,61.00953221908769
14.134710163603875,41.63083312565945,17.798780927988815
40.86263768070406,51.32982721755239,79.55218944801794
9.361279718014767,48.361504806039456,8.328185062751777
36.62322346803141,65.4892384046526,53.79600896389343
33.310291038542005,20.686071517854863,52.39458725154174
36.957796996557235,57.41392922570615,65.50790617651828
6.099209732328495,38.82233673131702,3.611838731191218
19.9827611133068,56.85884449775504,28.805369569353637
14.726111553991432,51.361034608198096,18.590457483298525
46.09426828163775,65.84616605460255,67.4626674791803
46.46559812974387,78.4954176852883,36.20652481697018
5.480155715277324,53.59188934642343,2.8574958649113094
23.57777289915079,70.18981432345852,25.836539972744568
16.331661590410924,78.67206423805533,8.806358803505871
32.616858629468624,65.54761815601816,46.92292246255767
8.851979877024574,22.84205193312055,5.516522209958677
39.128165286539144,11.539056542752652,45.4079559691506
41.759509365220225,10.976431308433801,48.32894872537583
34.570347757757304,35.55657441622641,68.70235801524825
32.51726837236396,58.72219848923796,55.084906654945115
20.411384863383688,17.55737136775849,21.30263002933818
8.134064048671954,51.22552157937835,6.271107628296074
28.429490918035018,61.95407063847927,43.403478307925546
27.93809795017717,39.57120530216154,52.56094711654433
22.91392302063039,11.851283181836722,19.065828222863797
20.10007407634957,78.3214110267146,12.719094104791834
44.310000930219,33.05646469239524,90.85971833653623
31.450793227986747,69.31077218748457,39.47934570218751
24.85734515375309,11.257050462510566,21.104225557910382
8.352970781838803,45.727490494409466,6.76764569539532
48.624771905414526,58.524667955320744,84.87312138187778
8.191228614735628,23.255261305430395,4.811641261581256
39.70954144475825,68.90078319693714,52.38913190538917
32.79625637848659,55.10962187408716,59.08284826390773
6.275185267252309,67.99711817070559,2.7059716985229416
40.47238436768733,28.1324600872343,78.33969757143942
36.89045239844781,25.039822449749867,66.53271824196088
6.814857247318084,24.07955798132641,3.446459329721198
13.038299453943477,33.6423597714393,14.491257003642303
23.830227372895614,45.59772240483955,41.737050704302604
26.45392439787477,28.947222417570256,44.41843130593141
6.312680085833351,52.357113556600545,3.811071737569775
22.808517343130948,30.90705101712848,36.36613608066116
44.01234692737305,62.27203154587119,71.16715231269781
43.5994496767599,44.64879562987227,89.66441503632153
10.891906345704985,58.73550052848907,9.838720381745388
14.273320097172885,40.88607683642017,18.0646601561751
7.925035502699982,67.77158816960878,4.277522344715169
10.667328847137526,73.21682549345168,5.914851360579039
43.89037710177007,42.520793510747225,91.03939752668124
38.496569193679576,53.36115516727073,72.83325032241471
41.138403905198516,40.22635705501384,85.26892539763232
40.36138179099575,42.37197719456036,83.21951322251782
47.343460452925726,44.04604705776033,97.74592380328025
25.81786723701783,64.95503030944589,35.238737314826814
41.970996129237705,48.81423800248195,83.83300774573415
13.090901607278393,42.743076167030566,15.563273017619494
48.563262630935526,62.709033512742955,77.27809526962875
41.50231717456095,12.29778491734681,51.81232760738441
26.053675818537194,55.263479356028874,43.6817355424382
42.351470763263364,13.449155750794002,56.60595106470816
43.35974985388429,48.38806557193382,87.02415887699723
13.879128675922697,32.207865151479,15.91173318830433
17.686829828820233,47.160132400193305,26.019346067921035
7.325855596000932,21.097531094994647,3.589042266304974
41.57118695191021,19.282279352276774,68.37445642143233
15.502832125615713,41.73594239229101,20.919444619173472
28.27043996509987,63.4527335729911,41.516678888926904
25.12995919997845,65.2905234724877,33.60085862906477
32.82558381704558,17.91698175966757,46.999527312640275
12.034914727677737,40.59236078148396,13.282960804649283
22.860022689006783,62.04809887461062,31.932837440109843
31.133171290880835,37.16931567015745,60.42968866124957
12.684212755267353,25.878597162784658,11.924036443514986
30.897545831107653,39.64071634298547,60.25181735720198
28.171737898730242,21.947420471156356,42.25763045558122
34.830781355505465,69.6777118599177,43.97982456893743
16.607277805410526,44.40599580822786,23.581623058691612
48.89872980594058,33.32692183855093,101.07597795703062
31.777085521569255,16.313699014017104,42.05105799154618
32.270675111574946,16.274224131323255,42.99465224569147
48.165594589571995,60.096385645061794,81.49986394315373
40.467190466106786,59.287305254014576,69.80567177946958
31.53780662344096,41.49389467598537,61.96579830422033
43.62680208924781,76.9784967280144,38.16119775688291
27.456627780683657,75.20745344086833,24.918158069292165
31.249980949483287,47.68689308275032,60.018799463690456
25.45172298299105,24.65014330710839,38.61165488191046
5.1673847368126635,26.90543587992429,2.1664090905757103
27.937542722160433,36.59719665818268,51.96350655463851
25.181835260118522,78.64537536948347,17.366626236262405
20.76225668011974,41.65280575520755,33.93876609565191
11.008199810876881,13.357041270589136,5.370435692094024
39.89342815666226,49.9478222550385,78.62005797967247
39.23171627197527,20.490395922058614,65.42653885605466
30.732294703221093,27.754973203896288,54.26237563350416
15.262781760500896,10.806820983708969,8.297101493370258
10.865332560608234,31.648767804978675,10.058137722648162
10.259544226592258,79.01009082876563,3.7322857638099647
18.88846918357778,19.122676269162973,19.814876759245823
13.958704077258098,51.13922598390335,16.965977872113843
7.881958573915483,70.37038910988099,3.827192268986249
48.26748556567163,27.27231944671666,95.00914167312186
25.254287086588672,11.549411572064795,22.159686487522332
33.83196011272497,38.974824063681226,67.63902501695152
17.15263097457001,24.478597743162595,19.86094985443397
34.43103849464422,39.13519217226201,69.1582966097444
13.08466800634604,58.23763570407768,13.828826469070417
30.428252736651213,70.10704384506474,36.698663296825956
10.286415449442181,64.99666213611192,7.646656847272572
35.30825540677665,18.05076557796685,52.56201243111311
36.26693284422743,40.908310221588124,73.74113219530294
47.52431535001294,19.91279454325295,82.25835515410436
33.92750258670821,36.738603182406216,67.44140987112763
48.0566601765895,33.09824267031935,99.15101869897177
48.29836592713101,73.10400957705244,52.85721146366599
17.167245588979533,66.24792437784994,18.17109562469782
49.80218908115777,27.686410151989765,98.73972807718033
24.654972619549387,46.41265155967318,43.73688087139497
18.271901111173896,11.068538775222084,11.897894922005236
14.9058159888887,29.73558190392309,17.377714326683414
24.961986559318422,21.97717348893813,34.96479533495533
44.296446051125265,59.34377929119353,76.43685118016596
8.834021490184789,55.506471579795196,7.00766392813196
34.41454143825292,76.93548215505393,29.634326282150134
5.135939211027257,27.355271486406505,2.162645642375425
46.750616571889196,75.2493740778798,45.58632546226997
37.42638887167868,63.6034324733278,58.1057439384086
9.11673310683412,45.971308434476356,7.985873918091099
15.421234608004973,22.68526305295321,15.593297761946431
41.46364846054996,19.45266956763832,68.47200038128855
26.089323664837334,75.70047677102231,22.54169985894638
13.362442500440414,78.45953966167642,6.32545563772187
49.742959359247656,48.893200827768204,99.12014211568363
12.656423307972105,32.12734215586269,13.438299533697423
24.102177470444083,31.652695705075605,40.02067859238705
17.628601094443212,78.05607964514503,10.511776812228906
11.901417233708553,61.33295361018036,10.968078517935393
5.01846302476287,51.73278685816638,2.449564767871861
46.21743517793236,30.15538658652533,93.24008208251466
13.348668886597363,55.61758564148989,14.927837390333512
37.06706332842769,58.16213632663869,64.85496368563658
19.369259600961833,27.65416815115316,26.3658869864801
48.01634599829199,74.63096557889506,48.439021849215365
25.579247445176915,69.23357063080614,30.15216225656595
25.35455649354332,39.70723126507573,45.78744896714031
12.054332641968259,39.8484239544381,13.274830079271482
29.183762236991313,11.575302920008053,28.453108120850505
24.98508523289329,64.69493528766402,33.908746488857794
35.602072536842144,54.460989220475454,65.72498788244205
45.92999427967411,11.2622406877661,56.49522770723361
30.067141378650536,65.1144193886795,42.96029324119882
29.360092221557025,32.67268868062654,54.108233463343254
11.131275429139004,72.12941502713339,6.754428351923664
26.184307657442133,71.4680637889991,28.375154245165128
31.363345509492575,57.19344816305006,54.138423218008654
41.19175194703025,56.14088812200941,75.24220866706158
22.912467830552195,45.954336875005566,39.32153906067847
41.137048610414595,36.15552074610889,84.79873235253116
22.46546555458237,16.69830812406008,24.229777614350944
46.15629958497865,16.37254204618092,71.63764714722495
34.16941298518502,38.92361351619584,68.47830012799548
23.252872561494907,57.56862856008787,35.83275708614026
8.019217968344542,51.559404806600426,6.085419205305425
39.741430368755964,67.97489305206159,54.233125157948265
12.673867522719888,72.81933350547216,8.26103236967304
34.5265741331349,71.7298360574478,39.892385592956515
26.837632269958924,47.942334156804144,48.94082004363991
46.3567224662902,72.99366803482702,51.17533556279997
25.16723930160509,29.208884214497722,41.34778411874767
22.692669555391888,37.14350299708248,38.33583256565981
17.909009374225725,28.80057230330766,23.574583103262537
43.747832141587374,14.890334447926318,63.12838257368148
35.492503194481735,22.09740360195166,59.41778202965561
20.502765202732846,14.30801238943858,18.279813653920023
17.14881365849579,63.78947497820695,19.482847983239836
44.82568960462664,25.506900633165692,85.38644638664869
25.859652766651482,42.92268335560445,47.25051794216924
44.31088875918804,63.395933701306376,69.63253448861977
28.088474826562244,56.952304033024134,47.15895515787227
43.13097742592151,10.667726781788145,49.702368708546445
23.13005139725219,73.5070217093955,21.52180058303092
38.31408638797781,47.99889620338522,76.42746542819211
28.834003716581005,34.343906832310644,53.52329524164084
28.423424013868154,55.876823962441726,48.71420363034652
23.82633672929569,59.99072024745218,35.49036081552248
43.755450226717365,20.827939372940282,75.95631374334363
25.3196160267841,38.56140638995568,45.52824921778539
35.93591618223776,27.490722568055055,66.86143638732052
33.811291172852435,71.42424692120416,39.46507050469614
23.815921990713022,73.7710989985454,22.1460026690643
49.69236825200653,17.426443496356647,81.26175224417669
15.487393459318639,76.52658260374652,9.45115310212478
48.12474589166241,16.839509277073095,76.71869492871353
5.67493251697115,21.27700162794956,2.1879372504067867
49.820575252201174,22.59997316274808,91.93167047351804
27.614642302491042,69.38924085013576,33.28392716294303
5.918072480969285,52.31422875809216,3.3618170497213495
17.466145199133095,70.36344415078122,16.08690066801986
17.755751716883562,58.07290041973362,23.362905097282226
35.33988346013286,25.5045484201748,63.36362538925878
6.565963994075755,38.64747016497781,4.163250839952833
18.013691838464137,66.6284424729596,19.428448648962306
41.01638848049054,41.99167665348378,84.78683179056632
32.293050139544846,52.29816611908476,60.08273732148902
42.22211667924305,39.75016898862383,87.75398699850885
17.39510059057291,28.552444269838322,22.317428370475813
29.128652567699188,41.440374191254875,55.780149369290534
24.805434694322127,16.379613736279506,28.263556635358295
37.337168331058805,24.961568158733748,67.4844536088729
13.862913359392461,38.89308241941754,16.98959160366143
15.250025372801064,50.87007871156108,19.820191103866534
21.715850270051217,41.423820581495306,36.40117412872621
29.1726194721813,24.24748657372634,47.12136559909741
12.008823028948841,71.62953320115233,7.942474603106945
24.517566627413945,38.846552674277746,43.46588269462446
6.602546762277867,44.858341181117524,4.305788178158667
29.937637472495005,49.11886096682665,56.23079041926689
36.816402619529796,22.423728449370824,62.951272739314625
16.350041040377846,66.75113256612889,16.484483460674937
47.62267775795273,19.515292315712443,81.67397486236216
27.39422995273482,24.992337691771077,43.57693988270295
7.70329257597421,32.78523366882948,5.313628260773382
11.465943133289574,59.69531514039724,10.609212580104932
29.017643615215,20.068412969321763,41.87091113114526
5.415871478248146,66.57099343169489,2.132813939588391
12.92874827739114,52.43516495545362,14.637649467380651
20.16148608845355,50.984015682052494,31.358179499178195
19.204413214204582,16.085769248457794,17.87252456761543
15.032750385098911,23.164099653535292,15.115806401739697
24.260870859783974,56.07986483983101,39.02715375566984
16.87127337258609,10.844895471043257,10.060517823875585
28.352181391914062,52.40316425512805,50.77932445888805
48.32917223008143,51.26295621652728,94.16824142296193
26.202765172016385,50.138113812839265,46.60208640395813
46.75552834379122,67.98647019211523,63.70944026853615
19.53404300137136,26.607805455999607,26.171642096888526
16.818512556473316,45.30947278006491,24.057540759912296
38.482225305286,45.225344502807346,78.10018630066412
8.050837812265065,60.65064903079866,5.375044304981712
41.26865579019292,30.264850558380374,82.04820131638324
34.88565826775077,39.86143307380753,70.34462729124901
45.010371007734925,69.1657890712518,58.848879136829666
28.644439923933902,58.40538820695161,47.19727195943134
44.75073654599468,44.70019070547929,92.08963833336283
19.09628332199699,62.756629653670686,23.81826681073591
14.90298146531113,37.19718036042295,19.08996651125965
43.95772566980572,60.709563818852054,73.70192633018169
23.171495236137467,25.03211516858502,33.53058693687497
21.018577587450643,29.88729044592031,31.418901149212914
12.924017957473428,62.03330394959597,12.51646057023148
16.34314490825772,41.79172291174346,22.91192022747498
22.363675107624907,78.74541650449416,14.482496608936172
22.599150986669923,15.598773795772836,23.245494037012914
9.042158865743781,51.35276049471454,7.659871089582421
31.971359828221953,39.31312933378585,62.96577703369219
24.432966154041335,13.775280798860985,24.121754909088015
28.2445929675168,45.33176327662462,53.15530995946661
11.729719335062505,17.26875702776493,7.579947316052042
10.560762076977072,17.071977254388095,6.132493668499715
32.43686879915419,23.7537856682043,54.39622745392995
16.314356848435857,22.150050090600782,16.981688206186227
48.102588700182636,69.82322242062847,61.0377502683231
15.372267680818439,32.92964057454882,19.284007056033037
14.445177903724872,44.43131716225766,18.54331324760214
5.882473961341412,56.9957606227757,3.138073769397185
28.542116741793873,72.90472498107724,29.77147173724302
12.397670794778637,66.28764722427923,10.335271006796827
40.63824565100221,18.902683245182082,65.65108330856069
22.935165086485743,21.910684880116182,30.39131664402052
16.4624225205897,28.427232238138103,20.22529660698503
30.030637731159775,38.798765223232586,57.909641974688036
47.64797618028374,18.84590993629036,80.33426655857056
48.816146068258945,26.144704814998477,94.89136992005963
39.77932713718339,33.7278948320975,80.6813808040056
11.438662793779127,70.0522429672368,7.791697454264614
18.898740465640845,56.119878295878955,26.667437470954727
30.489965828898196,43.0229416573612,59.21339141048317
27.31187626918426,61.25665398646013,41.81108538729646
8.949781135554826,56.77264633705336,7.0502444036879135
45.31154456293604,14.045173791390491,63.89526304616429
11.329400265515003,60.1642355691422,10.28309082336673
24.67767417100779,38.24840345695819,43.77423214333069
11.163498554490612,45.47390285024517,11.654629109080307
10.694539003836976,43.36343194173783,10.76775425173722
39.36268845327455,28.078505052101445,75.6643615069632
26.63537756808773,79.4411178577785,17.553310658026987
35.89926905093168,68.8949739913639,46.923634276575065
23.66814229522456,63.75026461880987,32.20214627864894
6.822912782359483,18.60378277795715,2.81461554651382
14.138176681402795,38.13663472306537,17.510728344769692
43.058519524659346,34.23862355515513,88.57482742883757
34.45795370819583,59.65200063624384,57.972129706740084
31.378205933975362,35.006937771909534,60.37673664405275
30.96740037710949,33.958591495282235,58.87936980490828
8.774318234840543,79.49627847302101,2.664926035943417
10.72321041346299,15.064386868524014,5.6785484010260525
44.533883714322016,31.128426262502657,90.19648004352024
34.26336383330784,33.0304010763563,66.82662887039035
22.615442185751203,28.347908041175756,34.47785487989904
20.43698026068546,38.74902804105802,32.80835995809792
37.41872310915543,45.80753359643543,75.4381470070354
47.46043477206396,12.931627568714285,64.62673669578928
27.638074518441268,50.89573521822027,49.819183269379295
46.408864373342325,13.441096653499931,64.23139532325057
30.807481322084723,69.754094996957,37.813661029336615
15.886747765365646,71.34046439667563,13.158931346045685
5.856953417343132,61.27182403936108,2.8711400850589395
46.99009495258939,56.00383631480435,85.95616421883314
24.75631597912016,13.141671153090261,23.772611736388644
46.405121599518296,42.92073558841024,96.26813072670694
6.30485349511766,58.28747499301333,3.515917682392117
26.682676410931617,18.70417222096875,35.031060310668195
14.64223141896168,14.514347631909239,9.961888328653142
30.84320928688581,53.542063547640645,55.90640057969595
27.758403425994995,67.19714931018305,36.274133695181234
43.74539695886061,53.09370776781886,83.59957487119301
5.574041586834374,58.6660759023415,2.747348933759161
23.80996476141582,49.58902382584709,40.81229165875392
34.2086270908498,34.516563002895374,67.38077407917031
46.26943273273074,19.378240672484687,78.56016973877166
35.218031327646685,10.30517059696063,35.41176382574439
46.60929974323314,17.875289326666405,76.07344686957559
9.269790356640858,33.3105343136571,7.641578360375088
21.810482871758627,25.001005062601504,30.349524017174943
31.33047474172061,41.00398686293745,61.4404366048225
6.537901506848934,32.37564435787104,3.842454272858143
41.46948111079267,58.2791074403308,73.0127815156092
37.61918841109462,58.86818468584665,65.05907269568714
18.993785962236498,16.976474545374312,18.275978403697767
17.261023281489322,68.22497101296115,17.149006251516454
49.1211859002382,44.569291031909295,101.05045300353362
5.4365159715369,19.803136849396033,1.8961897228464255
19.493625889231957,50.50097440150648,29.859114157693167
8.379214061239129,76.0350109096917,3.186892936929144
21.428765297798034,73.88089525473761,18.81053113068311
40.12348112406598,62.88060907609068,63.807004657842064
32.30238109020044,53.87486719362912,58.97723336556539
33.710145584731166,54.01049709179075,62.00603653948038
29.917770412926256,79.04898129380223,21.206350641016712
37.953075534156326,64.38624718747649,57.76647355821
44.26082667876534,25.09478339080944,83.60207802465511
8.771187159277735,43.80261056190191,7.429430069946068
28.133631302867293,68.04272459649424,35.870275434759044
24.970261067705106,49.95971178810189,43.60550212876788
28.718192233105626,12.674194863017373,29.73080547274214
32.684670346861125,67.96303000419766,43.48843338441101
12.087524663411173,51.603221374861704,13.070711609631676
31.712474500088646,21.492947483945112,49.854329782450215
10.555860817883122,78.60363600835393,4.073543293055833
22.71736263438669,25.91952101064705,33.11763179386281
12.709604500446872,56.73211995082645,13.456513334947383
32.425038379727546,55.048648609119226,58.32466646854258
8.960271238015352,72.54742084489058,4.417546987751893
22.516987856407173,31.935858450125057,36.114382919885585
25.806265126148265,37.30462460233397,46.539533391857375
43.860965141261566,75.04826826385245,43.40294800758678
18.655394740232282,70.47550652219684,17.821201771335172
40.16854082898802,75.15653706413333,39.446074824413465
16.058764048364953,50.38714050846853,21.73457397531343
17.35450631332001,67.68661433390619,17.640118055658895
5.2395885756978915,49.53734140204773,2.707064437374114
20.264154407236312,32.58785949544742,30.729043654159867
34.02078457392126,69.60391145197957,42.91447065173835
32.41379261269968,69.72210850527057,40.31279793425356
16.90687003464635,46.36512983354868,24.210380270380142
25.27414425801842,10.815142965216735,21.006148162170366
30.056546441333307,56.30670269023224,52.04563035740795
31.63614819885815,61.5395929148395,50.228571646457276
30.71027878038847,14.672517839552984,37.00237700896035
10.240048583812015,51.753220428076666,9.634899250715241
17.37406363881381,15.575159032433609,14.515272091313173
24.332123455184604,48.80258186585588,42.35826724832127
19.793569475732294,60.43035915580446,26.581498374744328
33.969677364556006,33.297285276417036,66.21955924634146
38.96926380088523,55.40865297731248,71.74164529799586
33.6850420423056,48.739939055094766,65.40513900447763
5.512535063984876,58.75550284338224,2.6829545198499694
21.92188059991204,75.98267971110589,17.19501479991531
41.80931469847424,51.13861286719185,81.66453599739842
16.348189181867124,24.26021752943666,18.13846827801883
20.317317695489713,43.3597560506013,32.83201190576346
18.322947951752617,46.045064677473796,27.682810061411956
12.441669148093368,78.43989689778499,5.576121524497456
9.856604973424723,75.23608977580605,4.555125791727431
46.11101051312127,46.77523372736486,93.7383766144477
37.620962232623796,40.52338085808115,77.01993553456981
33.35155598940972,33.840315619478304,64.92330200873242
18.55215589034504,50.476085031865956,27.583813430278383
27.415835338279116,50.567545840498674,49.42427569209224
17.899726157916035,35.68704822718966,25.8406965883826
8.775408228300918,13.6593460590544,3.523713270250308
16.40557083528573,15.197280153138202,12.798740524268743
9.669861888563332,66.90498837757559,6.42127613380766
6.749316365751019,56.12599557543199,4.151069811817981
17.265098696693023,71.00819764956884,15.351177488510906
26.82465280598748,31.390352152947802,46.87900953095119
28.293752106024552,36.73706133316882,52.939029080436384
30.39354791014236,18.017300782844377,41.94745260805333
49.8645726265648,39.78891143877023,104.15794734598971
20.67037878683159,59.714689382138545,28.852954738653228
21.37547329228996,68.32920135201303,23.996442459901523
25.442182596219137,60.369088928580446,38.662273206315774
9.835394739884894,69.22834298885783,6.095253629774095
38.107309405014945,24.8201744923376,69.12847697753456
11.5378704385604,32.14046441079371,11.332596301035112
48.923176371435694,27.978210219694105,97.16687279331423
25.5257244025985,12.101415800213541,23.445542405771
22.875238830480463,49.992401080317194,38.359660360035555
47.89060756285843,46.17152314580451,97.67572380183071
41.85982967799595,48.29893497982304,83.95014237504368
6.835325604598315,32.05057926328418,4.16731997917953
30.899727852399646,76.54157761517871,26.704444968475432
43.6608661888055,25.984892992519335,83.35324811174068
14.904942350862358,24.08210769797305,15.2851749112206
46.51245033361264,69.68663071712044,59.49099213833165
39.8697544513827,37.49145799569593,82.12890052493836
27.697131693444508,42.5032221356607,52.056213851089495
16.402914840171768,45.35196323041369,23.06521296914288
6.3723446533739505,19.22672614482214,2.5331656794660957
44.89653182760259,62.61758369219963,71.94810357027609
24.02907840765892,46.200525359871406,42.164462852220886
21.649949868198984,61.85459070124707,29.57696354979575
40.28842306544358,63.42996331422114,63.185264095590036
37.51752761755023,24.31530370849571,67.12485538439614
20.208649065821547,42.889180448857246,32.54809486463109
19.885684614244504,62.84581401108303,25.336999650548357
19.82090859124796,19.6762460749736,22.030909733160268
22.956820342173682,78.59401029476662,15.246744232083724
15.164663582010915,52.85110612602603,19.27776194863096
24.483787242786782,14.971719735452865,25.83195752461089
26.954447269912677,59.15150300538187,42.90620915897761
28.094898912251843,71.04742446226066,31.806761508035112
18.00216574959122,16.037441991277547,15.858005492655478
47.14545252461028,36.47374446697533,98.3540832137637
30.938249815413503,65.44021882911372,44.11060026376693
19.59411487440113,60.13151767243278,26.321505272930498
11.093848241802261,30.39056230438537,10.23594305143413
11.511978626143396,66.78613908809504,8.893871702886688
15.019215585205341,60.21824887836472,16.945306221199104
47.44842787605437,46.94405463482139,96.29244262209635
29.301313651730947,42.272349766846844,56.2207684316518
19.665056452713923,43.2958521647442,31.166696407227636
32.126338952004176,79.01941005194615,23.25358508343437
47.19940516932009,70.35070708051853,58.710504743996694
45.010874106718624,42.74944283044301,93.38420882170972
34.58499472298592,72.65467060553499,38.2572699346386
22.682784424610887,77.32337348418281,16.515161589544398
23.710372793113237,52.07578657752509,39.68690601673743
36.94121209725674,76.54144091531569,33.01478824172349
16.00773233235197,62.229168476704956,18.060905281474888
28.436701376483697,28.798999843444875,49.32522391313102
39.94730779083758,48.655559612169256,79.62323944941537
34.74382192923541,32.60307480045307,67.78713755857548
26.657327832242224,53.214797569164695,46.29195133020574
23.22098664214298,23.88607778933909,32.74026209875805
48.27382215418868,45.80272780298322,98.66751088045288
38.026416662946524,38.77330354892407,77.92119840879094
20.980929381157235,38.50150089269875,34.1667537611566
23.41384897035424,48.09260811593675,40.21245379953649
29.456144149161343,44.800767111801015,56.333648890469625
11.065360321284714,44.72528349503718,11.47627453633276
12.609675518929317,18.82950504070356,9.33475326773677
46.96905728035255,52.346500920339295,90.48596997637864
34.67705261560629,38.125556923335466,69.63784915519274
45.90414013616889,54.65513427057658,85.8163075931894
39.612644128561435,35.79937283193997,81.11530978443136
48.200534636860645,67.43229031108206,66.7963511859615
43.42768083565446,22.0535987198028,77.31096256350581
17.19334435420488,29.993861977850393,22.442694089565798
17.190915046109204,69.87857134730015,15.990072798462457
6.434815784386645,15.326999228654202,2.1201826666798467
17.326169178345666,23.991108225461055,19.95943724039448
15.433682624728176,65.856023247731,15.385805703824774
30.34069672514211,10.40394629050776,27.897329206552342
24.319524456688786,38.551944879525124,42.88886731665441
10.127537125004459,57.329925202102,8.80764534339092
36.5943734770771,60.46252533364684,61.078794041776945
37.781192550136645,10.003697885260776,38.72504428940699
47.926436173102495,66.99461369382641,67.43286331727278
45.679176346517835,11.095030671520389,55.503652615411006
47.023645810358275,66.68519700816734,66.93714344343414
42.67486143314144,16.530116930537794,64.95900270921246
38.245011301336895,77.19416827494636,32.78924169355929
35.53463036381723,49.939298323722454,69.02169885308585
47.55333549870486,41.00559852141052,99.18469141700453
31.968210483971543,43.34368054460563,62.91930973356931
46.97807996121346,15.32593087358551,70.59679869641452
27.550386537140668,58.086670896980685,45.07179836544028
40.63579422900066,50.81130532108954,79.51400568346462
45.90129848546543,75.93940128187101,42.94111568908388
7.894365043711258,38.16593776789621,5.9227568961316255
6.05565597745195,33.05916601621101,3.3405854407762896
29.159069808677096,73.75564513569643,29.300329894947247
43.09494451094313,18.924980867039,70.94957666172307
9.186366863340307,51.24871371296669,7.894260785821396
28.94530876064522,28.64643490010167,50.49557563847864
45.47538880492259,74.91564866230874,45.29523452470032
23.11751472530732,72.32117899794642,22.829023616843248
22.277700241833767,61.57717822807901,31.069552775616753
26.417399789647586,18.58082095550281,34.320375268420285
46.75703905566597,41.78676153642756,97.34665204586756
38.05191681450816,35.70216701019045,77.3270666010985
5.84963953593056,17.037125108428512,1.9290211695509636
27.329876577046598,58.29750499884537,44.42116940201178
20.063089696067557,58.68419214243552,28.098178216189023
36.43860152443802,59.27551351294816,62.28973801317281
27.163483430922877,74.04203050850528,26.255790736660582
27.0138433091277,41.518563544764675,50.277785074549854
13.972136855478215,31.535856114943556,15.949180258220514
6.905052163323651,54.34747055313191,4.440278619087484
16.18410847671918,31.29086781398256,20.622113372522573
39.686653474894456,32.905482821301774,80.04663229405536
15.898815140591399,21.8340424393594,16.04620364583468
39.86862809818802,19.079438059301882,64.32872549865915
25.41891921126591,45.485108125403606,45.866148853059215
35.93254607085716,54.32984376330968,66.54213246369557
41.48243028253287,13.13260037483667,54.102857434542024
18.339832615072872,29.609388314276583,24.912295197575762
11.570760751644869,30.24247776995102,11.039040523554661
18.939439136430654,46.53191233492348,29.16712782774283
34.86670155168152,36.677035952826984,69.79326176803885
37.376160409102155,33.5315737005706,74.7898757833555
18.062765479164216,47.8831639099917,26.849075711388927
6.0672362137605775,15.585238654380026,1.9173490587842128
23.808629461393718,76.00388979742296,19.41334439759306
37.468030092954066,16.168859865039042,53.47642324795051
43.08431057513932,61.26105394257267,71.36175370350058
32.49259365661939,67.42050724264242,43.99821320465142
23.18494314843307,25.50507355976969,33.92965096812627
28.04105250989417,48.41892289154317,51.80879525050471
29.224686740446042,49.55516540360737,54.299691077374696
47.691721320763136,73.1571936167362,52.108592074072064
44.407266645152276,66.09917676360391,64.58146383613209
47.454264826937845,16.894624917558225,75.5064168013701
16.930546765058278,44.65391619582094,24.3485016244417
43.094052190553235,45.36159980659127,88.26006437530255
38.661563270371495,19.727193367424135,62.84264589211436
16.358621583945208,61.22432665263707,19.172818917600477
12.413030399947582,34.594915425844874,13.405712834406698
16.918981601610714,34.4903185955735,23.20773118570615
36.87458220850866,35.74930267999607,74.47570717664897
29.98684951735731,16.995231393808673,39.50576593716237
41.22579619555825,35.892203795368744,84.93451698311073
34.18403715650041,60.777272116328284,56.09088205075303
14.434741495026518,71.9272489467345,10.863096469737547
32.73009132231288,40.010759922603704,64.95933830368583
13.20508326101988,75.96106565308448,7.425369129672284
38.97806918592313,24.561719391327422,70.85438631492326
20.196984862590103,66.67719806616512,23.270183230272632
36.30549484469026,63.604900490100704,56.170581878426454
24.85404959958196,60.15333838495168,37.57806075413766
22.392217528876117,24.78840418567375,31.538392889964022
33.470466567861195,78.32097479191559,25.877055965042835
18.977043712789833,42.26787145487778,29.406593477771345
35.33006169814341,47.90543974857415,69.67042942568548
42.95425080690722,63.32198945286611,67.65866910161058
7.6233741738060665,79.88948637466419,1.9654940288193237
38.858110417376025,70.47323214058792,48.1026024827801
34.303897044290586,69.93995896327336,42.756948656204166
10.057233871791922,34.34164848915209,9.038683341329449
44.43894246220217,24.115864788682458,82.66142133956978
8.520894436101024,65.16832579616533,5.343467225790629
42.59687700394833,21.385655273293043,74.37288660637059
43.445569225222194,58.073745691801875,76.84000183272929
28.403720744746277,68.11751349469695,36.226276722455296
23.86621621935346,23.579576935637803,33.95810729939716
17.818370447477612,45.36148128053204,26.485907049084624
28.90988567029291,66.39065785088636,39.29213702658447
40.61087256435505,50.69565900432024,79.5621827979208
40.135346751446434,23.42414208055697,71.98906467005332
7.252903719198246,71.15436758442901,3.151971165222153
8.39995221932463,27.268190082079812,5.647350227190716
36.2893527330973,38.66135563391164,73.70453323486582
44.4341286461979,30.858585626358867,89.77356264972944
5.534210600121169,31.04589483925209,2.7096466382368183
31.013377213317426,36.31568627823053,59.89188585969043
29.069274009143985,71.36186831845131,32.80309371381384
46.061827440366585,28.618184525787846,91.55905344727829
25.796321297145532,48.440081066901584,46.16303334669521
47.71006055997112,79.90321234150693,32.86703167428285
15.593326197868699,60.88859099420708,17.812126756999408
22.011397800493782,10.567573782034925,16.087391742893466
5.416363509615606,42.2396205293579,2.915397276329688
26.975071085195058,11.579878760140986,24.891270117602584
35.91173375484361,30.580237201646717,69.4065252667077
30.195189569117723,31.064335121579315,55.34863063724029
12.521044169118824,38.50216170192127,14.112578536722513
15.452301415572535,47.436068384341766,20.704358813791234
13.947283862891599,45.58841836512389,17.41531492359076
12.08203316909904,56.96822966400495,12.242236840735398
38.92719579986408,17.727596397495365,59.69958267809042
26.051108541680264,14.961019045841152,28.675592630013757
31.918210049390108,28.508300855075177,57.85808227391269
28.743100557741855,46.222270656900385,54.23119506924205
46.59594557872102,48.435825579810604,93.50096533651494
31.234931587324205,38.115718803506624,60.90114853699506
47.70858214322676,64.40301366077267,72.67947833738228
17.843238063627872,69.09467100433625,17.530102000144684
24.45783620832905,68.00670004735159,29.613829503560837
42.02996307320759,23.220913073399807,75.9934241662832
36.55135091226096,30.345007851457176,70.80655196488745
18.38717014967007,30.74436538164065,25.48315333718548
37.65057114019767,26.087822925477525,69.53548773621173
5.04076258607406,60.06657974378432,2.1953995138143427
12.703313472580637,17.313767671548426,8.834100847768369
15.688225426732705,36.593036562589276,20.77886049552221
26.415784736294032,13.119902849884157,26.535757319607807
48.67579996823122,60.12441373936907,82.23624589631416
19.543732939595127,32.30880800997781,28.849273953170396
25.184414721580673,53.83713759341231,42.43771771543085
11.58678799650355,23.225086963546662,9.342684532568995
43.67455622750979,27.93784467223508,85.54117505308486
22.10877490888299,70.9890295665082,22.709680879766342
34.84165232299202,33.919831553918186,68.71172918568776
35.76647955760794,11.37782507669896,39.09918174509798
38.10391970051143,44.09112283613676,77.60491066610021
41.59319662780076,76.82463564045278,36.76368997256731
46.66048472725558,73.64855304187385,49.78385817765392
28.047648017024922,35.20994798972566,51.80811251007389
25.926589612880274,58.292720231935256,41.32952523734112
44.779899959203405,24.489041210008367,83.942810174348
46.31869213077663,67.06261623789223,65.18655725342178
49.048520683020556,71.61762412971811,57.55319140506261
17.5971798361358,17.41691379408334,16.259665844284818
10.050848239621487,30.385632300479326,8.496064601616379
32.63826757930427,66.30242282680209,45.88441030271168
45.46626381417041,53.662736905846295,86.21297935564533
5.253409073662418,23.042174356297345,1.9970777950707517
9.487679173401558,35.4327132898307,8.20247495125587
27.560794713518565,13.037802500499259,28.370186153888678
20.68150891080449,22.542577223772582,26.041068819798824
34.11815748164933,42.4990658527038,68.37149448411284
27.289294112025896,39.93842516234228,50.90385531397499
48.020886971895514,25.031458758509427,91.74924799110208
28.249891692974344,61.52121578557352,43.480637729135
30.057998591055316,75.03146200017608,28.359410513460524
22.008576003857787,42.45730640412246,37.19662201163896
8.98350418466278,52.62993777363499,7.477442697543519
17.969538580164773,21.22163276608982,19.573422577866715
29.503908180702865,47.26171843659374,55.85308641074696
8.41422385508214,58.8750817446131,6.056452086997106
33.06974857928838,23.231209792254802,55.26940087845591
26.124568796931975,60.422604153499194,40.06682000486148
28.824608324357442,37.684235332849916,54.551170800003774
19.505230613642464,52.72757066508375,29.273091369116898
47.25989142396082,57.02213883342384,84.96306902890504
8.363565663634198,42.24794814374936,6.762287787091079
45.08708591797824,16.61236980607608,70.05207887902915
49.49940704618945,76.43485755517949,44.5720399719901
8.522351632844414,75.33893243146885,3.440717555022801
21.3409665616758,69.12964169531037,23.229502264062273
23.827250197097218,40.85985788917611,41.87920637448149
33.54093909398942,64.21341934931883,50.41559972865598
6.520511792671188,51.5209196868994,4.088474838201385
13.402984734381695,34.216466250424205,15.346359988716271
20.658589976984743,42.834223815480755,33.70989731453296
20.036138534427803,17.515278291546743,20.588599331006613
11.553293233645315,12.340658989276836,5.49117932092118
26.161208839793943,76.81133863970919,21.033557719948092
10.205385064165245,76.23851451021574,4.5585519997859905
38.00126816294421,54.62491620539142,70.59495091611966
34.03749898956033,67.87093538773975,45.79458198402943
9.81139389709196,45.33280264958792,9.172140195742877
36.369101221734134,51.077431155149455,70.12897335816969
42.47505819604826,15.059019630794605,61.034665018144594
36.081546777462464,47.38194112693024,71.66695869626061
22.062238879097453,33.81924875638216,35.72249805352736
32.93746847483868,72.36967622509854,36.61283334342641
27.32791667455019,67.7306214853844,34.883651203325805
23.09703718297854,17.167612395522358,25.9498587278179
7.767758140638735,13.59340599265743,2.7582738180751014
22.106756388095146,33.606642558508945,35.76054387379726
37.30716606301563,61.99750511094061,60.283486280905315
7.288428597518292,25.478628402231045,4.09144744060018
17.34178325715049,48.33283888999666,25.04988086700118
11.503185075812763,19.375885358000026,8.017252678118357
47.47050001435811,66.29420351084467,68.38001055302875
13.129470594102663,38.45974655338436,15.376863414339766
21.002989966590448,65.3702851845785,25.7427321546538
27.959581241515494,18.949481589542692,38.068706069280076
38.254642842030975,37.782158475744325,78.34533078813133
16.831591143446616,36.28490354145041,23.410015542978286
27.399045362310336,34.018086149190665,49.649301644415154
15.885759766629102,37.895142016278626,21.445675216862305
5.862780983745421,64.07484922674197,2.682469943305236
12.69252021054136,13.073322954144608,6.9214127942673125
34.41644118072857,64.17552901765706,52.02318164371307
41.62231092167794,44.545642786242,85.41378306766667
14.241568311049338,61.60593740748787,14.997539668390418
36.48708847194517,27.238951387222126,67.9480553094198
45.65334901382568,17.30600206579803,72.82722960800113
49.22097078160966,70.21734676842252,61.33066338215955
35.95543904655838,75.7124921795883,33.784650672816475
37.50400257456685,23.331989792103215,65.80267473841874
24.89702621507653,15.005211703214474,26.630163385244167
22.534584002965193,61.91221138160461,31.367231860934886
22.389950791886783,33.12059228276939,36.29082098317377
31.791007512964036,71.05431702992266,37.23997081511593
7.141243664575059,36.982930428981476,4.83391558274234
12.120833381686822,58.674797551230874,11.96617100265562
9.75760521940107,56.536543100617116,8.321238573338675
17.87813918590583,23.92417696160573,21.04477805556933
47.13586510212434,11.29672037221691,58.72486195869427
24.6999772350306,11.513889472325564,21.264036808592135
26.761687164694806,45.07331644560927,49.39143586946516
19.474811212763615,19.25132442675166,21.027648051799016
21.93743919805139,57.05840579527962,33.140954099903844
40.20781138900066,47.15254216716996,81.0919701508441
31.542547749789,24.04314597872569,52.58968464035112
17.929864995244223,21.33269270366509,19.57562796757345
16.218290750207508,25.742074615787224,18.57539889568932
28.375195387605693,49.38821290535106,52.27927031545142
47.5226339369677,23.689945297106615,88.78821189124969
33.875406957267316,67.2081488291266,46.57795546791988
30.210865870237363,27.8502556750753,53.03774645039411
16.81476035090001,12.747713714969994,11.536183668451434
18.744990194681677,62.12225753023661,23.483736548956163
7.138299074319967,25.350669775338147,3.919739568115346
36.78046243393018,64.78560939760136,55.17717351057035
25.48932845278678,58.86520369350542,39.94039800657362
22.45784758947014,21.193927151688925,28.71844932726858
22.916727208530794,50.59774741422,38.272953877906595
47.662397683380064,14.812566646207411,70.53834723509094
27.832734223023227,33.024384474750704,50.32713321761986
27.874026242451254,11.678281316357218,26.503380400503076
19.08614096157116,67.39077032689035,20.78797807902578
29.927378023458687,41.54077449712822,57.843376559807105
17.848628227190282,30.862976595394912,24.271277236187387
22.2395645115763,68.48994969751922,25.323111388259996
48.52459430637208,40.70587669452622,101.26090139235677
22.700877743649283,69.2585543073904,25.364802752295763
24.210739428633662,48.641272060695584,42.103369171268135
15.3923749069435,62.04517750453527,16.972836299835283
28.939474322185184,66.63241851682392,39.04265588194749
40.132972851290134,25.050333778902,74.13521751460854
37.203599775099306,66.003808556596,53.89360868239308
20.57482583520778,22.082637903159217,25.46209785970586
5.118447001081468,41.56325571652037,2.6001132883153546
20.85947291924787,48.843688367778626,33.60698260836321
13.461849166495359,70.17658833665325,10.387398640996018
16.598984703264932,25.8500723561355,19.40654105991007
26.632132541796018,44.9195716620992,49.08042436512625
14.678835295329177,29.030250870814104,16.69091537546954
12.636735761986023,60.29221248262167,12.493514039199672
39.65400640643369,42.36299482214978,81.60131312554029
37.13391602082579,61.515477435621186,60.653584039461975
11.222398745501387,77.63246173841758,4.922820374470947
41.9464376193394,24.313842283707643,77.3457594574829
13.377426608573161,18.79628019057079,10.409957353638324
11.227035314386328,62.37132593200873,9.629251563103812
26.13444156282306,64.80539209179071,35.990785170966554
38.58147024575924,52.32288994536551,73.93265363639269
35.88649729604058,11.284900706539926,39.07334634308619
19.02999410622599,54.647552548158714,27.517216512009576
5.420522906880989,12.308386057781538,1.237475621144386
43.334959211167245,57.881740318445026,76.91870340788257
16.94163799041548,58.15739880830963,21.59919972902321
40.66055011126685,31.47559981770709,81.49657079187428
6.621681987463435,75.29453872814142,2.124840200012513
20.53309272330337,17.453723429929447,21.429352401805478
27.133559212691633,63.79274569648937,38.95018267693932
14.974129157790163,28.864303509335436,17.23822486354724
15.922174405936243,79.41711369821748,7.911668649422862
13.883168017874414,50.28641518762868,16.914927255938583
46.636908874563396,20.282759821444547,81.10523406550267
48.68843890404651,76.32340640769372,44.23930090500505
44.805739417621815,25.018956493100156,84.71214845485319
33.532477520494254,63.26240310728681,51.69330785540795
49.37125676883934,22.62966754569593,91.0354512169795
39.47116547836834,33.71608189489791,79.95343833775914
12.903190950560106,39.49638588496985,14.988347977468017
40.72261604668774,42.53948625928365,84.01467596505486
29.188539509137183,79.66115871400848,19.460177343068253
22.95991848008417,53.078052829646786,37.451047471731016
21.435989072691733,37.49499524300934,35.14680207447231
36.30383390504336,75.65208832664185,34.283156078811444
29.406152772154464,63.78799502641459,43.32810923148226
9.014295146763372,24.781062620234888,6.060125969361423
27.59592384137896,11.400820654014236,25.567243362127513
16.378474044315148,46.21809028774763,22.957023426148233
5.673253921533532,28.51824003582292,2.701605089912258
28.131386876414126,50.120447358687194,51.376312471585
46.65882618748875,55.17419362754255,86.50295889631137
23.66311111384972,75.12458239931475,20.318375602731713
40.31973425245074,24.00062447789233,73.21472957191403
10.88790626069689,57.306814501991305,10.075415230238194
30.19474245096427,65.27715296549289,42.98582824380536
38.246227253540894,53.764807370026055,71.93279985438893
49.38719772330015,47.35128110772861,99.74085678630978
10.089759042577391,67.97914953711918,6.696682637234344
16.333401305556905,64.41115037007428,17.660911707864543
48.06981932000231,58.77568597750389,83.57409175107259
31.82135724274105,42.22703229725284,62.65394622105048
21.398443969793146,34.710332568028534,34.32692445650231
33.63677175693158,62.589118185642214,52.76673492253076
35.533268126798646,23.88870708354939,61.90797403604961
27.229423106457105,65.41480505281442,37.394120457601005
26.40668351850753,47.56362958148457,47.96265941365986
39.701122167687,56.2885714385564,72.19758126729998
23.420521439707667,72.67888978359532,22.864306276561347
12.315518089856536,79.68615140132273,4.914435711501142
10.348366031430675,11.046497977296724,3.9986284146070554
45.05085055169441,27.146745585616927,87.8080498080005
37.83648323510244,66.77107624524484,53.581638620725826
43.654387596445254,79.41159649649167,31.570818319880004
18.231786951799958,59.71703393490814,23.659584720124904
10.19299362263727,38.47665039497946,9.652842199445908
43.158726199066564,35.73606322413758,89.34170504983078
31.599292124102632,45.264141060724384,61.625435291038066
34.06781890004203,78.10260725713864,26.88502793536797
7.508098692563095,50.17730622511408,5.422491906722466
43.836295066262814,43.696789822389924,90.55885620844836
8.533723367370776,49.23775466917396,6.961706226598284
19.94332508707192,20.845924973655514,23.20500319447117
43.206553097756284,46.51196590937851,87.90343164986116
46.997438557058,66.42115532221484,67.47563143253575
36.18373071981503,10.351785235571835,37.098293388875945
24.25205554872125,23.82403971564226,35.071642497623316
45.98590599719905,22.22087892734522,83.16178669171656
17.87270232466785,46.178573741414944,26.5676307299318
16.851362854913567,24.690527409538483,19.35811550740733
31.95946962962386,16.225066592851668,42.267872342016055
7.617549142441613,36.057170663025,5.425507269075743
37.42990045285381,48.83647307917636,73.96201247428736
24.029441081005046,49.60260949572077,41.36610812388155
21.445316809397312,75.5302434802479,17.11193609674359
7.470720090984845,57.13740353208846,4.972456754210419
45.10771991724877,66.27192961146774,65.21145880903026
13.281846566965104,30.714844428620186,14.353538768657328
37.26715724181971,15.898939142653587,52.500128847471736
41.53377649246628,60.323486122335325,70.19797021061332
37.83229921559042,17.016895918731397,55.96318740482843
37.29922451673039,57.5872687653979,65.98247636505145
42.391512086983276,12.911716937952864,55.19988495367709
6.039980081050649,36.11049699149925,3.4585432795260784
11.695472773211879,49.08691342991553,12.537789470459126
46.2807005678037,37.4035811233811,96.63334670872416
43.02276697726719,10.016861216250653,47.355644729298604
12.58315895566329,12.129647775785994,6.367454272223871
19.76662312317809,73.5732716987552,16.87024017216883
9.362845561954448,52.448684372066026,8.098004774793731
25.31731726037499,75.69277486560688,21.622488684390998
10.513361414169223,24.841949535156026,8.150968572757524
6.329388587517197,40.375467474196164,3.918636100512522
17.502480480409442,70.89341537232247,15.779957294336548
32.22233659389897,52.98635165829912,59.454586362691515
28.93598135965861,16.42952360604407,36.48005761622736
25.025840767640986,79.96536327959616,15.328965476469499
42.585318088070665,72.54213379169812,48.190637359809315
42.04518616609248,17.212918540168786,65.18439834130243
15.235171432915983,10.218515594948673,7.866377115157556
18.657955619515015,17.60251816425448,18.206144528273015
26.275700538571236,57.398924200173134,42.764659249752405
44.35273827671347,62.445201556362875,71.40521072786676
47.23635181003274,13.772880327565215,66.76424208081797
5.548092593744364,56.29366796853488,2.827736188177414
18.02085846000108,27.74507112740412,23.354617998561633
19.889918946220742,28.88572405246549,28.200782721753047
28.014638283571426,40.81039130568928,52.87197574119804
28.059284811949535,57.089952805030535,46.9812986471038
22.420872903701675,27.591538099950974,33.540362617850626
12.479024156393546,34.46318836728379,13.511038157083293
38.38129138607774,62.96934370780287,60.72103408128997
35.01074240078947,26.38197227148122,63.512403530837915
31.463881063461397,49.948276310379356,59.52787365854439
26.791978914937648,48.498529046870495,48.66096515096843
27.130578468065064,49.58194562518757,49.12307336540284
37.197767957950795,17.673973608240782,55.92441497515467
38.73315884670607,19.512030508931595,62.61727060518278
7.998259928466862,78.32557803550273,2.4686014762119974
48.06462959916986,14.230558145839485,69.64841393850901
24.946404866373296,23.03714568098423,35.95431479689283
26.840520371048814,68.11240700997112,33.58760481395176
47.77752986343006,54.39768574160762,89.49085254201012
20.925755024531767,52.232789595121886,32.84324752442828
19.040058774880265,73.68765485824423,15.798891897023816
44.16802083976266,49.07622251957627,88.16663730525862
19.615951192116224,30.537277290808483,28.3152291291295
6.503809761727676,67.10745957177068,2.9914577445031165
25.267244586755357,32.75930498801851,43.553088680361135
26.199965974898927,67.31165933182564,33.41187169444068
10.607639346838454,70.0359191769279,6.786654656338287
45.38789757987593,76.26955405237217,41.59101387193507
22.88695965901825,25.199828282637032,32.99935720168354
